[
  {
    "id": "EMAIL-CEO-WIRE-FRAUD",
    "name": "CEO wire transfer fraud attempt",
    "description": "Email pretending to be from the CEO with an urgent wire transfer request, often from a lookalike domain.",
    "severity": "critical",
    "log_type": "email",
    "dialect": "generic",
    "conditions": [
      { "field": "subject", "operator": "contains", "value": "Wire transfer" },
      { "field": "filter_action", "operator": "in", "value": ["quarantined", "blocked"] }
    ],
    "tags": ["email", "bec", "fraud", "dialect"],
    "mitre": ["T1589", "T1566"]
  },
  {
    "id": "EMAIL-MFA-RESET-LURE",
    "name": "Suspicious MFA reset lure",
    "description": "Email urging the user to reset MFA via an external link with mismatched domain.",
    "severity": "high",
    "log_type": "email",
    "dialect": "generic",
    "conditions": [
      { "field": "subject", "operator": "contains", "value": "Reset your MFA" },
      { "field": "filter_action", "operator": "equals", "value": "blocked" }
    ],
    "tags": ["email", "phishing", "account_takeover", "dialect"],
    "mitre": ["T1566", "T1110"]
  },
  {
    "id": "EMAIL-GENERIC-INVOICE-PHISH",
    "name": "Generic invoice phishing with executable attachment",
    "description": "Email pretending to be an invoice with vague subject and potentially malicious executable attachment.",
    "severity": "high",
    "log_type": "email",
    "dialect": "generic",
    "conditions": [
      { "field": "subject", "operator": "contains", "value": "invoice" },
      { "field": "notes", "operator": "contains", "value": "malicious attachment" }
    ],
    "tags": ["email", "malware", "phishing", "dialect"],
    "mitre": ["T1566", "T1204"]
  },
  {
    "id": "EMAIL-PAYMENT-UPDATE-PHISH",
    "name": "Payment update phishing email",
    "description": "Email asking user to update payment card details on a fake payment portal.",
    "severity": "high",
    "log_type": "email",
    "dialect": "generic",
    "conditions": [
      { "field": "subject", "operator": "contains", "value": "Payment failed" },
      { "field": "filter_action", "operator": "equals", "value": "quarantined" }
    ],
    "tags": ["email", "phishing", "credential_harvest", "dialect"],
    "mitre": ["T1566"]
  },

  {
    "id": "EMAIL_PHISH_SCORE_HIGH_01",
    "name": "High phishing score (normalized)",
    "log_type": "email",
    "dialect": "score_based",
    "severity": "high",
    "description": "Email has a high phishing score from the email security engine.",
    "mitre": ["T1566"],
    "tags": ["email", "phishing", "dialect", "scoring"],
    "conditions": [
      { "field": "phish_score", "operator": "greater_than", "value": 0.8 }
    ]
  },
  {
    "id": "EMAIL_SPAM_SCORE_HIGH_01",
    "name": "High spam score (normalized)",
    "log_type": "email",
    "dialect": "score_based",
    "severity": "medium",
    "description": "Email has a high spam score, which may also indicate phishing or malicious content.",
    "mitre": ["T1566"],
    "tags": ["email", "spam", "phishing", "dialect"],
    "conditions": [
      { "field": "spam_score", "operator": "greater_than", "value": 0.8 }
    ]
  },
  {
    "id": "EMAIL_SUSPICIOUS_ATTACHMENT_EXTENSION_01",
    "name": "Suspicious attachment type",
    "log_type": "email",
    "dialect": "generic",
    "severity": "high",
    "description": "Email contains an attachment with a commonly abused executable or macro-enabled extension.",
    "mitre": ["T1566", "T1204"],
    "tags": ["email", "attachment", "malware", "dialect"],
    "conditions": [
      {
        "field": "attachment_extension",
        "operator": "in",
        "value": [".exe", ".js", ".vbs", ".scr", ".ps1", ".bat", ".cmd", ".docm", ".xlsm"]
      }
    ]
  },
  {
    "id": "EMAIL_EXTERNAL_SPOOFED_BRAND_01",
    "name": "External login or payment lure",
    "log_type": "email",
    "dialect": "generic",
    "severity": "high",
    "description": "External sender with a subject consistent with credential theft or payment fraud.",
    "mitre": ["T1566"],
    "tags": ["email", "phishing", "brand-impersonation", "dialect"],
    "conditions": [
      { "field": "is_external", "operator": "equals", "value": true },
      { "field": "subject", "operator": "contains", "value": "account" }
    ]
  },
  {
    "id": "EMAIL_DMARC_SPF_FAIL_01",
    "name": "DMARC/SPF authentication failure",
    "log_type": "email",
    "dialect": "auth_result",
    "severity": "medium",
    "description": "Sender failed SPF/DMARC checks, often linked to spoofing or phishing.",
    "mitre": ["T1566"],
    "tags": ["email", "spoofing", "dmarc", "dialect"],
    "conditions": [
      { "field": "dmarc_result", "operator": "contains", "value": "fail" }
    ]
  },
  {
    "id": "EMAIL_TRAINING_LABEL_PHISHING_01",
    "name": "Email labeled as phishing (dataset dialect)",
    "log_type": "email",
    "dialect": "dataset",
    "severity": "high",
    "description": "Dataset label marks this email as phishing.",
    "mitre": ["T1566"],
    "tags": ["email", "training-data", "phishing", "dialect"],
    "conditions": [
      { "field": "label", "operator": "contains", "value": "phishing" }
    ]
  },
  {
    "id": "EMAIL_TRAINING_LABEL_MALICIOUS_01",
    "name": "Email labeled as malicious (dataset dialect)",
    "log_type": "email",
    "dialect": "dataset",
    "severity": "high",
    "description": "Dataset annotation marks this email as malicious.",
    "mitre": ["T1566"],
    "tags": ["email", "training-data", "malicious", "dialect"],
    "conditions": [
      { "field": "label", "operator": "contains", "value": "Malicious" }
    ]
  }
]
