[
  {
    "id": "NET-TI-001",
    "name": "Known C2 IP - Test Range",
    "description": "Traffic to an IP address that simulates a known command-and-control server (training intel).",
    "severity": "high",
    "log_type": "network",
    "conditions": [
      {
        "field": "dst_ip",
        "operator": "equals",
        "value": "203.0.113.45"
      }
    ],
    "mitre": ["T1071"],
    "tags": ["threat_intel", "c2", "simulation"]
  },
  {
    "id": "NET-TI-002",
    "name": "Suspicious Beaconing Interval",
    "description": "Repeated connections from the same host to the same destination IP every 60 seconds (C2-style beaconing).",
    "severity": "high",
    "log_type": "network",
    "conditions": [
      {
        "field": "dst_ip",
        "operator": "equals",
        "value": "198.51.100.23"
      },
      {
        "field": "beacon_pattern",
        "operator": "equals",
        "value": "fixed_interval_60s"
      }
    ],
    "mitre": ["T1071", "T1105"],
    "tags": ["threat_intel", "beaconing", "simulation"]
  },
  {
    "id": "NET-TI-003",
    "name": "Exfil to Unapproved Cloud Storage",
    "description": "Large outbound transfers to an unapproved file-sharing endpoint.",
    "severity": "critical",
    "log_type": "network",
    "conditions": [
      {
        "field": "dst_domain",
        "operator": "equals",
        "value": "filesync-example.net"
      },
      {
        "field": "bytes_sent",
        "operator": "greater_than",
        "value": 50000000
      }
    ],
    "mitre": ["T1567"],
    "tags": ["threat_intel", "exfiltration", "cloud"]
  },
  {
    "id": "NET-TI-004",
    "name": "Suspected Port Scan Source",
    "description": "Source IP connecting to more than 50 unique destination ports in a short time window.",
    "severity": "medium",
    "log_type": "network",
    "conditions": [
      {
        "field": "unique_dst_ports_last_5m",
        "operator": "greater_than",
        "value": 50
      }
    ],
    "mitre": ["T1046"],
    "tags": ["threat_intel", "reconnaissance"]
  }
]
