{
  "framework_playbook": "INSIDER THREAT",
  "behaviors": {
    "INSIDER_DATA_EXFIL_CLOUD_PERSONAL": {
      "TITLE": "Insider — Data Exfiltration to Personal Cloud Storage",
      "CLASSIFICATION": "OMEGA-BLACK",
      "SEVERITY_DEFAULT": "CRITICAL",
      "CONFIDENCE_DEFAULT": 0.93,
      "MITRE_TECHNIQUES": ["T1567", "T1537", "T1041"],
      "SOURCE_MAPPINGS": {
        "PRIMARY": ["proxy", "cloud", "network"],
        "SECONDARY": ["endpoint", "file_access"]
      },
      "D3FEND_MAPPINGS": [],
      "SECTIONS": {
        "IDENTIFICATION": [
          "Detect uploads of large or unusual volumes of files from corporate endpoints to personal cloud providers (e.g., consumer file-sharing or storage services) that are not sanctioned by policy.",
          "Correlate outbound HTTPS connections and API calls to cloud storage domains with spikes in file read activity on file servers, endpoints, or collaboration platforms.",
          "Flag transfers initiated by accounts with access to sensitive data (finance, legal, engineering, HR) where prior use of these cloud services was rare or nonexistent."
        ],
        "CONTAINMENT": [
          "Immediately block further uploads to the identified personal cloud domains from the involved user accounts and hosts.",
          "Temporarily restrict the user’s access to highly sensitive repositories until intent and business justification are confirmed.",
          "Preserve relevant proxy, cloud, and file access logs and snapshot affected data locations for investigation."
        ],
        "COUNTERMEASURES": [
          "Enforce use of approved corporate cloud storage solutions and block or closely monitor access to high-risk consumer storage providers.",
          "Apply data loss prevention (DLP) policies to detect and prevent uploads of sensitive or classified information to external cloud destinations.",
          "Implement role-based access controls and regular access reviews to minimize which users can access bulk sensitive data stores."
        ],
        "FORENSICS": [
          "Quantify what data was accessed and transferred, including file names, types, and approximate sensitivity.",
          "Determine whether the exfiltration occurred during normal work patterns or aligned with other risk indicators such as performance discussions, HR actions, or job searches.",
          "Use findings to refine insider risk models, DLP policies, and alert thresholds for cloud-bound traffic."
        ]
      }
    },
    "INSIDER_DATA_EXFIL_BULK_TRANSFER": {
      "TITLE": "Insider — Bulk Data Transfer from Internal Repositories",
      "CLASSIFICATION": "OMEGA-BLACK",
      "SEVERITY_DEFAULT": "CRITICAL",
      "CONFIDENCE_DEFAULT": 0.94,
      "MITRE_TECHNIQUES": ["T1005", "T1119", "T1074", "T1041"],
      "SOURCE_MAPPINGS": {
        "PRIMARY": ["file_access", "storage"],
        "SECONDARY": ["network", "endpoint"]
      },
      "D3FEND_MAPPINGS": [],
      "SECTIONS": {
        "IDENTIFICATION": [
          "Detect sudden spikes in file read or export activity by a single user or host across file shares, document repositories, or databases.",
          "Flag cases where the user accesses large numbers of files outside their usual working set, especially in sensitive directories (IP, financial, HR, legal).",
          "Correlate bulk access with subsequent data staging behavior (compression, archiving) or movement to new locations such as local drives or staging folders."
        ],
        "CONTAINMENT": [
          "Temporarily suspend the user’s access to the affected repositories while preserving logs and audit trails.",
          "Apply just-in-time restrictions to limit data export and download capabilities for the account and device in question.",
          "Notify appropriate stakeholders (security, HR, legal) where data sensitivity and insider risk factors are high."
        ],
        "COUNTERMEASURES": [
          "Implement fine-grained access controls and least privilege for sensitive repositories, limiting who can perform bulk reads or exports.",
          "Use DLP and behavior analytics to detect anomalous high-volume data access patterns tied to specific user roles.",
          "Require stronger approvals or dual control for large data exports from high-value systems."
        ],
        "FORENSICS": [
          "Determine which data sets were accessed, copied, or exported and whether they contain regulated or critical information.",
          "Investigate whether bulk access aligns with legitimate business activities such as migrations, audits, or reporting.",
          "Use results to refine baselines of normal access volume per user, team, and data store."
        ]
      }
    },
    "INSIDER_EMAIL_AUTO_FORWARD_EXTERNAL": {
      "TITLE": "Insider — Auto-Forwarding Corporate Email to External Accounts",
      "CLASSIFICATION": "SIGMA-RED",
      "SEVERITY_DEFAULT": "HIGH",
      "CONFIDENCE_DEFAULT": 0.91,
      "MITRE_TECHNIQUES": ["T1114", "T1537", "T1567"],
      "SOURCE_MAPPINGS": {
        "PRIMARY": ["email"],
        "SECONDARY": ["cloud", "saas"]
      },
      "D3FEND_MAPPINGS": [],
      "SECTIONS": {
        "IDENTIFICATION": [
          "Detect creation or modification of mailbox rules that automatically forward messages to external email domains, especially personal or unsanctioned addresses.",
          "Flag rules that apply broadly (e.g., all messages, messages with attachments, or messages from specific internal groups like finance or executives).",
          "Correlate new forwarding rules with recent changes in user behavior, such as offboarding, performance issues, or job search indications."
        ],
        "CONTAINMENT": [
          "Disable or remove unauthorized forwarding rules and notify the user and security team.",
          "Temporarily restrict external forwarding features for the user or across the tenant if abuse is detected.",
          "Review messages already forwarded to external destinations and evaluate potential data exposure."
        ],
        "COUNTERMEASURES": [
          "Disable global auto-forwarding to external domains by default or restrict it to approved destinations and user groups.",
          "Monitor for and alert on new or modified forwarding rules to external recipients, especially for sensitive mailboxes.",
          "Educate users on acceptable email handling practices and the risks of forwarding corporate data to personal accounts."
        ],
        "FORENSICS": [
          "Analyze mailbox history to identify when forwarding rules were created and which emails were affected.",
          "Correlate email exfiltration with other insider risk indicators or suspicious activities by the same user.",
          "Use findings to update policy, enforce technical controls, and improve detection of similar patterns in the future."
        ]
      }
    },
    "INSIDER_PRIVILEGE_MISUSE_ADMIN": {
      "TITLE": "Insider — Misuse of Administrative Privileges",
      "CLASSIFICATION": "SIGMA-RED",
      "SEVERITY_DEFAULT": "HIGH",
      "CONFIDENCE_DEFAULT": 0.9,
      "MITRE_TECHNIQUES": ["T1098", "T1078", "T1070"],
      "SOURCE_MAPPINGS": {
        "PRIMARY": ["iam", "directory_services"],
        "SECONDARY": ["endpoint", "cloud", "siem"]
      },
      "D3FEND_MAPPINGS": [],
      "SECTIONS": {
        "IDENTIFICATION": [
          "Detect administrative actions that fall outside the admin’s documented responsibilities, such as granting excessive privileges to themselves or others.",
          "Flag suspicious group membership changes, role assignments, or policy modifications performed from unusual locations, times, or tools.",
          "Correlate privilege changes with subsequent access to high-value assets, sensitive data, or logging/security configurations."
        ],
        "CONTAINMENT": [
          "Immediately review and, if necessary, revoke questionable privilege grants and configuration changes.",
          "Temporarily restrict administrative capabilities for the involved account pending investigation and leadership review.",
          "Enable heightened monitoring for further changes by the same account or device."
        ],
        "COUNTERMEASURES": [
          "Implement just-in-time elevation and approval workflows for highly privileged operations.",
          "Segregate duties so that no single administrator can make unreviewed changes to critical security or access configurations.",
          "Maintain and regularly review detailed audit logs of privileged operations in IAM and directory services."
        ],
        "FORENSICS": [
          "Analyze the full sequence of administrative actions taken by the user over the relevant period.",
          "Determine whether actions were tied to legitimate tickets, documented change requests, or ad-hoc unsanctioned activity.",
          "Use findings to update admin training, access policies, and monitoring thresholds for privilege misuse."
        ]
      }
    },
    "INSIDER_SHARED_ACCOUNT_ABUSE": {
      "TITLE": "Insider — Abuse of Shared or Generic Accounts",
      "CLASSIFICATION": "SIGMA-RED",
      "SEVERITY_DEFAULT": "HIGH",
      "CONFIDENCE_DEFAULT": 0.88,
      "MITRE_TECHNIQUES": ["T1078", "T1110", "T1552"],
      "SOURCE_MAPPINGS": {
        "PRIMARY": ["auth", "iam"],
        "SECONDARY": ["endpoint", "network"]
      },
      "D3FEND_MAPPINGS": [],
      "SECTIONS": {
        "IDENTIFICATION": [
          "Identify use of shared, generic, or service accounts performing interactive logins to workstations, servers, or cloud consoles.",
          "Detect access patterns from shared accounts that differ significantly from their normal automated or service-driven behaviors.",
          "Correlate shared account activity with human user workflows (e.g., logins tied to specific shifts, desks, or devices)."
        ],
        "CONTAINMENT": [
          "Disable or restrict interactive login capabilities for shared and service accounts wherever possible.",
          "Force rotation of credentials and tokens associated with shared accounts suspected of misuse.",
          "Implement conditional access controls that prevent shared accounts from accessing high-risk resources without strong justification."
        ],
        "COUNTERMEASURES": [
          "Replace shared accounts with individual identities, using group membership or roles to grant necessary access.",
          "Require multi-factor authentication and strong logging for any remaining shared or service accounts that must be used.",
          "Regularly review shared accounts to confirm ownership, usage patterns, and necessity."
        ],
        "FORENSICS": [
          "Reconstruct which systems and data were accessed under the shared account during the period of concern.",
          "Use supporting evidence (device, IP, time of day, physical access logs) to attribute activity to specific individuals where feasible.",
          "Feed lessons into identity governance and reduce reliance on non-attributable identities."
        ]
      }
    },
    "INSIDER_OFFBOARDING_ACCOUNT_ACTIVITY": {
      "TITLE": "Insider — Account Activity After Offboarding Event",
      "CLASSIFICATION": "OMEGA-BLACK",
      "SEVERITY_DEFAULT": "CRITICAL",
      "CONFIDENCE_DEFAULT": 0.92,
      "MITRE_TECHNIQUES": ["T1078", "T1098"],
      "SOURCE_MAPPINGS": {
        "PRIMARY": ["hr", "iam", "auth"],
        "SECONDARY": ["vpn", "cloud"]
      },
      "D3FEND_MAPPINGS": [],
      "SECTIONS": {
        "IDENTIFICATION": [
          "Correlate HR offboarding events (termination, resignation, role change) with continued authentication attempts or successful logins by the associated accounts.",
          "Detect late-stage activity leading up to offboarding, such as abnormal data access, configuration changes, or new forwarding rules.",
          "Flag any account that remains active beyond defined deprovisioning timelines after an offboarding event."
        ],
        "CONTAINMENT": [
          "Immediately disable or lock accounts linked to users who have been offboarded according to HR records.",
          "Revoke active sessions, tokens, VPN access, and API keys associated with offboarded identities.",
          "Audit and correct any group memberships, role assignments, or delegated access that persist for these accounts."
        ],
        "COUNTERMEASURES": [
          "Automate integration between HR systems and identity management to enforce rapid account deprovisioning.",
          "Define strict SLAs for account disablement following offboarding and monitor adherence.",
          "Limit pre-offboarding access to only what is required, especially for employees with access to highly sensitive data."
        ],
        "FORENSICS": [
          "Review post-offboarding activity logs to determine what resources were accessed and whether data was taken or altered.",
          "Investigate whether offboarding timelines, approvals, or communication gaps contributed to delayed account shutdown.",
          "Improve offboarding procedures, checklists, and technical controls based on observed gaps."
        ]
      }
    },
    "INSIDER_SENSITIVE_SYSTEM_ACCESS_SHIFT": {
      "TITLE": "Insider — Sudden Shift in Access to Sensitive Systems",
      "CLASSIFICATION": "DELTA-AMBER",
      "SEVERITY_DEFAULT": "MEDIUM",
      "CONFIDENCE_DEFAULT": 0.87,
      "MITRE_TECHNIQUES": ["T1005", "T1087"],
      "SOURCE_MAPPINGS": {
        "PRIMARY": ["auth", "file_access"],
        "SECONDARY": ["cloud", "db", "siem"]
      },
      "D3FEND_MAPPINGS": [],
      "SECTIONS": {
        "IDENTIFICATION": [
          "Baseline which systems and applications a user typically accesses, then detect sudden exploration of previously untouched sensitive systems or datasets.",
          "Flag repeated access attempts to systems outside the user’s normal role or business unit, especially those holding confidential or regulated data.",
          "Correlate with other context such as performance issues, organizational changes, or external job search signals where available."
        ],
        "CONTAINMENT": [
          "Temporarily limit access to newly targeted sensitive systems until business need is confirmed.",
          "Require manager or data owner approval for continued or expanded access to the systems in question.",
          "Increase logging and monitoring for the user across newly accessed resources."
        ],
        "COUNTERMEASURES": [
          "Implement role-based access controls that align system access closely with job responsibilities.",
          "Conduct periodic access reviews to ensure users do not retain access to systems they no longer require.",
          "Educate staff about acceptable use policies and monitoring of sensitive system access."
        ],
        "FORENSICS": [
          "Review detailed access logs for the newly targeted systems to determine what data was viewed or exported.",
          "Assess whether the activity was exploratory, misdirected, or correlated with other suspicious behaviors.",
          "Use lessons to refine baselines and thresholds for flagging unusual system access patterns."
        ]
      }
    },
    "INSIDER_LOGGING_TAMPERING_OR_SECURITY_TOOL_DISABLE": {
      "TITLE": "Insider — Tampering with Logging or Disabling Security Controls",
      "CLASSIFICATION": "OMEGA-BLACK",
      "SEVERITY_DEFAULT": "CRITICAL",
      "CONFIDENCE_DEFAULT": 0.94,
      "MITRE_TECHNIQUES": ["T1070", "T1565", "T1562"],
      "SOURCE_MAPPINGS": {
        "PRIMARY": ["endpoint", "siem"],
        "SECONDARY": ["iam", "edr", "cloud"]
      },
      "D3FEND_MAPPINGS": [],
      "SECTIONS": {
        "IDENTIFICATION": [
          "Detect attempts to disable, stop, or uninstall logging agents, EDR tools, antivirus, or other security controls on endpoints or servers.",
          "Identify configuration changes that reduce logging levels, alter log destinations, or modify security policies without approved change records.",
          "Correlate security tool tampering with concurrent or subsequent access to sensitive data, admin actions, or data movement."
        ],
        "CONTAINMENT": [
          "Immediately restore logging and security tools where possible and block further configuration changes from the offending account.",
          "Isolate systems where logging has been disabled or tampered with until integrity is verified.",
          "Temporarily restrict administrative rights for users involved in unauthorized security configuration changes."
        ],
        "COUNTERMEASURES": [
          "Enforce strong change control and approvals for modifications to logging and security tooling.",
          "Protect security agents and configurations with tamper-resistant settings and separate privileged identities.",
          "Continuously monitor for and alert on changes to logging, audit policies, and security tool health."
        ],
        "FORENSICS": [
          "Determine the scope and duration of reduced visibility by reconstructing when logging or tools were altered.",
          "Investigate concurrent activities that may have been hidden during logging gaps, including file access and network connections.",
          "Incorporate findings into improved defense-in-depth and monitoring for tampering behaviors."
        ]
      }
    },
    "INSIDER_REMOVABLE_MEDIA_DATA_THEFT": {
      "TITLE": "Insider — Data Transfer to Removable Media",
      "CLASSIFICATION": "SIGMA-RED",
      "SEVERITY_DEFAULT": "HIGH",
      "CONFIDENCE_DEFAULT": 0.89,
      "MITRE_TECHNIQUES": ["T1005", "T1074"],
      "SOURCE_MAPPINGS": {
        "PRIMARY": ["endpoint", "os"],
        "SECONDARY": ["file_access", "d lp"]
      },
      "D3FEND_MAPPINGS": [],
      "SECTIONS": {
        "IDENTIFICATION": [
          "Detect mounting of removable storage devices (e.g., USB drives) followed by large volumes of file copy or write operations from sensitive locations.",
          "Flag removable media usage on systems or by users who do not have a typical business justification for such activity.",
          "Correlate removable media events with recent HR changes, access escalations, or policy violations."
        ],
        "CONTAINMENT": [
          "Disable or restrict further use of removable media on affected endpoints, subject to business requirements.",
          "Temporarily limit the user’s access to sensitive file shares and data sets until risk is assessed.",
          "Preserve endpoint logs and, where feasible, device identifiers and file operation metadata for the removable media session."
        ],
        "COUNTERMEASURES": [
          "Implement policies that restrict or prohibit use of removable media on corporate systems, with exceptions tightly controlled.",
          "Use endpoint controls to monitor and log all file operations involving external storage devices.",
          "Educate users on acceptable media use and the consequences of data exfiltration via removable devices."
        ],
        "FORENSICS": [
          "Analyze file operation logs to estimate which files were copied to removable media and approximate sensitivity.",
          "Investigate whether the same user or device shows other exfiltration indicators such as cloud uploads or email forwarding.",
          "Use findings to refine removable media policies and technical enforcement mechanisms."
        ]
      }
    },
    "INSIDER_SHADOW_IT_CLOUD_USAGE": {
      "TITLE": "Insider — Use of Unsanctioned Cloud or Collaboration Tools",
      "CLASSIFICATION": "DELTA-AMBER",
      "SEVERITY_DEFAULT": "MEDIUM",
      "CONFIDENCE_DEFAULT": 0.86,
      "MITRE_TECHNIQUES": ["T1567", "T1537"],
      "SOURCE_MAPPINGS": {
        "PRIMARY": ["proxy", "network"],
        "SECONDARY": ["endpoint", "saas"]
      },
      "D3FEND_MAPPINGS": [],
      "SECTIONS": {
        "IDENTIFICATION": [
          "Identify access to unapproved cloud storage, messaging, or collaboration platforms from corporate endpoints.",
          "Detect file uploads or sharing events to these platforms that involve internal documents or code repositories.",
          "Correlate unsanctioned tool usage with users or teams already flagged for policy violations or high data access levels."
        ],
        "CONTAINMENT": [
          "Limit or block access to unapproved cloud services from corporate networks and devices where feasible.",
          "Engage with the user or team to understand business needs and whether an approved alternative can be provided.",
          "Increase monitoring for data uploads or link sharing to unapproved platforms pending risk assessment."
        ],
        "COUNTERMEASURES": [
          "Publish and maintain a list of approved cloud and collaboration tools, with clear guidance on acceptable use.",
          "Implement cloud access security controls to manage and monitor access to external SaaS services.",
          "Provide sanctioned alternatives that meet business needs to reduce incentives for shadow IT."
        ],
        "FORENSICS": [
          "Review traffic volumes and destinations for unsanctioned services to estimate data exposure.",
          "Determine whether usage appears exploratory, convenience-driven, or intentionally evasive.",
          "Incorporate insights into governance processes for evaluating and approving new tools."
        ]
      }
    },
    "INSIDER_HR_FLAGGED_USER_CONTEXT": {
      "TITLE": "Insider — Heightened Risk User (HR or Contextual Flag)",
      "CLASSIFICATION": "DELTA-AMBER",
      "SEVERITY_DEFAULT": "MEDIUM",
      "CONFIDENCE_DEFAULT": 0.85,
      "MITRE_TECHNIQUES": [],
      "SOURCE_MAPPINGS": {
        "PRIMARY": ["hr"],
        "SECONDARY": ["iam", "anomaly_context"]
      },
      "D3FEND_MAPPINGS": [],
      "SECTIONS": {
        "IDENTIFICATION": [
          "Ingest HR or management-provided signals indicating users under performance review, disciplinary action, or other elevated-risk situations.",
          "Tag these users in insider risk systems so their technical activities (access, transfers, policy violations) receive higher scrutiny.",
          "Ensure that contextual flags are handled with appropriate privacy, legal, and policy constraints."
        ],
        "CONTAINMENT": [
          "Do not take automated punitive action based solely on HR flags; instead, use them to prioritize review of concurrent technical anomalies.",
          "Where necessary, tighten access to highly sensitive systems or data for flagged users while maintaining legitimate business operations.",
          "Coordinate with HR, legal, and management before implementing any significant restrictions."
        ],
        "COUNTERMEASURES": [
          "Establish clear governance for how HR and contextual risk information is used within the insider threat program.",
          "Ensure regular reviews of flagged lists to remove outdated or resolved cases.",
          "Implement training for analysts on handling contextual risk information ethically and appropriately."
        ],
        "FORENSICS": [
          "Correlate contextual flags with technical telemetry to identify patterns of escalation or early indicators of malicious behavior.",
          "Use historical cases to refine which types of context correlate strongly with actual insider incidents.",
          "Feed results into continuous improvement of insider risk scoring and triage processes."
        ]
      }
    },
    "INSIDER_INTERNAL_C2_LIKE_COMMUNICATION": {
      "TITLE": "Insider — Internal C2-like Use of Collaboration or Messaging Tools",
      "CLASSIFICATION": "SIGMA-RED",
      "SEVERITY_DEFAULT": "HIGH",
      "CONFIDENCE_DEFAULT": 0.88,
      "MITRE_TECHNIQUES": ["T1071", "T1105"],
      "SOURCE_MAPPINGS": {
        "PRIMARY": ["saas", "proxy"],
        "SECONDARY": ["endpoint", "network"]
      },
      "D3FEND_MAPPINGS": [],
      "SECTIONS": {
        "IDENTIFICATION": [
          "Detect unusual, script-like, or encoded content being sent through internal or external chat, collaboration, or ticketing systems.",
          "Identify repeated short messages or payloads that resemble command-and-control beacons or data fragments.",
          "Correlate suspect messaging behavior with concurrent access to sensitive systems or recent policy violations."
        ],
        "CONTAINMENT": [
          "Preserve copies of suspicious messages and associated metadata while limiting further sharing of similar content.",
          "Increase monitoring on accounts and endpoints involved in suspected internal C2-style communication.",
          "If necessary, restrict access to certain channels or integrations for the accounts involved pending investigation."
        ],
        "COUNTERMEASURES": [
          "Define acceptable use policies for collaboration tools, explicitly prohibiting their use for transferring scripts, binaries, or encoded data.",
          "Configure monitoring and DLP where possible to detect sensitive or technical data flowing through messaging platforms.",
          "Limit access to high-risk integrations or bots that could be abused as part of an internal C2 mechanism."
        ],
        "FORENSICS": [
          "Analyze suspicious messages to determine whether they contain commands, credentials, or staged data.",
          "Correlate messaging patterns with endpoint activity, file access, and network connections.",
          "Use findings to create detection patterns for future misuse of messaging platforms as covert channels."
        ]
      }
    },
    "INSIDER_CREDENTIAL_DUMPING_TOOL_USE": {
      "TITLE": "Insider — Use of Credential Dumping or Password Extraction Tools",
      "CLASSIFICATION": "OMEGA-BLACK",
      "SEVERITY_DEFAULT": "CRITICAL",
      "CONFIDENCE_DEFAULT": 0.95,
      "MITRE_TECHNIQUES": ["T1003", "T1555", "T1552"],
      "SOURCE_MAPPINGS": {
        "PRIMARY": ["endpoint", "edr"],
        "SECONDARY": ["iam", "auth", "siem"]
      },
      "D3FEND_MAPPINGS": [],
      "SECTIONS": {
        "IDENTIFICATION": [
          "Detect execution of known credential dumping tools, libraries, or behaviors on endpoints and servers (e.g., LSASS access, secret store scraping).",
          "Flag attempts to access or export password vaults, browser credential stores, or authentication databases by non-security personnel.",
          "Correlate credential dumping indicators with subsequent unusual authentication patterns, such as logins from new devices or locations."
        ],
        "CONTAINMENT": [
          "Immediately isolate systems where credential dumping behavior is detected and terminate suspicious processes.",
          "Force credential resets for accounts that may have had credentials exposed on affected systems, prioritizing privileged accounts.",
          "Revoke tokens and invalidate sessions that may have been compromised."
        ],
        "COUNTERMEASURES": [
          "Restrict access to security tools and debug interfaces that can be abused for credential dumping to authorized personnel only.",
          "Harden systems to limit access to credential stores and apply protections such as Credential Guard or similar technologies where available.",
          "Deploy and tune EDR rules specifically targeting credential dumping techniques and tooling."
        ],
        "FORENSICS": [
          "Analyze process trees, memory artifacts, and logs to understand the full scope of credential access and exfiltration.",
          "Determine whether credential dumping was opportunistic, exploratory, or part of a broader campaign.",
          "Feed insights into identity protection strategies, including privileged access management and multi-factor authentication enforcement."
        ]
      }
    }
  }
}
