{
"framework_playbook": "IOC_KNOWN_BAD_IP", "iocs": {
  "TITLE": "IOC — Communication with Known Malicious IP Address",
  "CLASSIFICATION": "OMEGA-BLACK",
  "SEVERITY_DEFAULT": "CRITICAL",
  "CONFIDENCE_DEFAULT": 0.95,
  "SOURCE_MAPPINGS": {
    "PRIMARY": ["network", "firewall", "proxy"],
    "SECONDARY": ["endpoint", "ids_ips", "vpn"]
  },
  "D3FEND_MAPPINGS": [],
  "SECTIONS": {
    "IDENTIFICATION": [
      "Match source or destination IPs in firewall, proxy, VPN, or IDS logs against current threat feeds (e.g., AlienVault OTX, MISP, Abuse.ch/ThreatFox).",
      "Prioritize matches where the IOC is tagged as command-and-control, malware distribution, or actively exploited infrastructure.",
      "Correlate matched IP communication with process-level telemetry on the initiating host to identify the responsible application or binary."
    ],
    "CONTAINMENT": [
      "Immediately block further communication to and from the malicious IP at firewalls, proxies, and VPN concentrators.",
      "Isolate affected endpoints or servers that initiated communication with the known bad IP until they can be investigated.",
      "Revoke tokens, sessions, or credentials used by processes observed contacting the malicious IP if compromise is suspected."
    ],
    "COUNTERMEASURES": [
      "Continuously ingest and update IOC feeds from trusted sources and apply them to critical network controls.",
      "Segment critical systems so that even if an endpoint contacts a malicious IP, lateral movement and data access are constrained.",
      "Implement egress filtering policies that limit outbound traffic destinations to approved ranges wherever possible."
    ],
    "FORENSICS": [
      "Collect full connection logs, including timestamps, ports, and volume of data transferred with the malicious IP.",
      "Review endpoint telemetry to determine which process initiated the connection and how it was executed or delivered.",
      "Correlate with other IOC matches (domains, URLs, hashes) to understand whether this is part of a broader campaign."
    ]
  }
},
"IOC_KNOWN_BAD_DOMAIN": {
  "TITLE": "IOC — Communication with Known Malicious Domain",
  "CLASSIFICATION": "SIGMA-RED",
  "SEVERITY_DEFAULT": "HIGH",
  "CONFIDENCE_DEFAULT": 0.93,
  "SOURCE_MAPPINGS": {
    "PRIMARY": ["dns", "proxy"],
    "SECONDARY": ["network", "email", "cloud"]
  },
  "D3FEND_MAPPINGS": [],
  "SECTIONS": {
    "IDENTIFICATION": [
      "Match requested domains in DNS, proxy, or web gateway logs against domain-based IOCs from sources such as OTX, MISP, and Abuse.ch.",
      "Prioritize domains categorized as command-and-control, phishing infrastructure, or malware delivery points.",
      "Correlate domain lookups with corresponding HTTP/HTTPS sessions and the internal hosts initiating them."
    ],
    "CONTAINMENT": [
      "Block DNS resolution and HTTP/HTTPS access to the malicious domain across corporate resolvers and proxies.",
      "Isolate or closely monitor systems repeatedly resolving or contacting the malicious domain.",
      "Temporarily restrict outbound web access for the affected identity or device if widespread malicious behavior is suspected."
    ],
    "COUNTERMEASURES": [
      "Integrate domain reputation and IOC feeds into DNS filters and secure web gateways.",
      "Enforce SSL inspection where permitted to better understand traffic heading to suspicious domains.",
      "Create policies to automatically alert and optionally block when high-confidence malicious domains are contacted."
    ],
    "FORENSICS": [
      "Review historical DNS logs to identify how long the entity has been contacting the domain.",
      "Analyze HTTP/HTTPS traffic (where available) to assess whether payloads, beacons, or exfiltration were involved.",
      "Correlate the domain with any associated IPs, URLs, or hashes from threat intel feeds to map the campaign."
    ]
  }
},
"IOC_MALICIOUS_URL": {
  "TITLE": "IOC — Access to Known Malicious URL",
  "CLASSIFICATION": "OMEGA-BLACK",
  "SEVERITY_DEFAULT": "CRITICAL",
  "CONFIDENCE_DEFAULT": 0.95,
  "SOURCE_MAPPINGS": {
    "PRIMARY": ["proxy", "web", "email"],
    "SECONDARY": ["endpoint", "saas"]
  },
  "D3FEND_MAPPINGS": [],
  "SECTIONS": {
    "IDENTIFICATION": [
      "Match full URLs in proxy, secure web gateway, or email click-tracking logs against URL-focused feeds such as Abuse.ch URLhaus, PhishTank, or OpenPhish.",
      "Identify accesses where the URL is tagged as delivering malware, phishing, or exploit kits.",
      "Correlate URL access with the user identity, device, and application used to reach the link (e.g., browser, email client)."
    ],
    "CONTAINMENT": [
      "Immediately block the malicious URL and its parent domain at proxies and email gateways.",
      "Quarantine email messages, chat messages, or documents that contain the malicious URL where feasible.",
      "Isolate endpoints that downloaded content from the malicious URL and scan them for associated malware."
    ],
    "COUNTERMEASURES": [
      "Enable time-of-click URL analysis in email security tools to detect malicious URLs when users attempt to access them.",
      "Use sandboxing for suspicious downloads originating from URLs tagged by threat intel feeds.",
      "Educate users about phishing and unsafe links, especially when links come from unexpected sources or shortened URLs."
    ],
    "FORENSICS": [
      "Retrieve and analyze any downloaded content or redirected pages associated with the URL in a controlled environment.",
      "Review user activity after clicking the URL to determine whether credentials were entered or files executed.",
      "Correlate with other IOC matches and anomalies (e.g., impossible travel, new device, privilege changes) to assess compromise depth."
    ]
  }
},
"IOC_MALWARE_HASH_MATCH": {
  "TITLE": "IOC — File Hash Matches Known Malware",
  "CLASSIFICATION": "OMEGA-BLACK",
  "SEVERITY_DEFAULT": "CRITICAL",
  "CONFIDENCE_DEFAULT": 0.96,
  "SOURCE_MAPPINGS": {
    "PRIMARY": ["endpoint", "edr"],
    "SECONDARY": ["email", "proxy", "storage"]
  },
  "D3FEND_MAPPINGS": [],
  "SECTIONS": {
    "IDENTIFICATION": [
      "Match file hashes observed in EDR, AV, email attachment scanning, or web downloads against known malware hashes from MalwareBazaar, OTX, MISP, or similar feeds.",
      "Differentiate between high-confidence malware families and lower-confidence or generic detections where possible.",
      "Correlate hash matches with execution events, persistence mechanisms, or network connections from the affected host."
    ],
    "CONTAINMENT": [
      "Quarantine or delete files whose hashes match confirmed malware, subject to legal and operational requirements.",
      "Isolate infected hosts from the network to prevent lateral movement or further spread.",
      "Terminate processes associated with the malicious file and disable any persistence artifacts installed by it."
    ],
    "COUNTERMEASURES": [
      "Continuously update EDR, AV, and mail/web security products with fresh malware hash IOCs.",
      "Implement application control or allowlisting on critical servers to prevent execution of unapproved binaries.",
      "Use sandbox detonation or behavioral analysis for new or rare files before widespread distribution."
    ],
    "FORENSICS": [
      "Collect full forensic images or detailed EDR timelines from compromised hosts for deep analysis.",
      "Map the malware family, capabilities, and known TTPs based on threat intelligence associated with the hash.",
      "Correlate infection timelines with user activity, delivery vectors, and other IOC matches to understand initial access and impact."
    ]
  }
},
"IOC_C2_COMMUNICATION_MATCH": {
  "TITLE": "IOC — Known Command-and-Control Infrastructure Contact",
  "CLASSIFICATION": "OMEGA-BLACK",
  "SEVERITY_DEFAULT": "CRITICAL",
  "CONFIDENCE_DEFAULT": 0.95,
  "SOURCE_MAPPINGS": {
    "PRIMARY": ["network", "proxy", "ids_ips"],
    "SECONDARY": ["endpoint", "dns"]
  },
  "D3FEND_MAPPINGS": [],
  "SECTIONS": {
    "IDENTIFICATION": [
      "Match IPs, domains, or URLs in network, DNS, and proxy logs against threat intel entries explicitly tagged as command-and-control infrastructure.",
      "Identify beacon-like patterns such as periodic low-volume connections to known C2 endpoints.",
      "Correlate C2 communication with associated host processes, user accounts, and any observed malware hash matches."
    ],
    "CONTAINMENT": [
      "Urgently block all known C2 endpoints at network controls and DNS resolvers.",
      "Isolate systems that initiated C2 communications and treat them as compromised by default.",
      "Revoke credentials and tokens used on compromised systems, especially privileged accounts."
    ],
    "COUNTERMEASURES": [
      "Enforce egress filtering and limit outbound connections to necessary destinations and ports.",
      "Deploy IDS/IPS signatures and behavioral detections for known C2 protocols and patterns.",
      "Use layered network segmentation so that even if C2 is established, access to critical systems is constrained."
    ],
    "FORENSICS": [
      "Analyze PCAPs or flow logs for the C2 sessions to understand timing, volume, and command activity.",
      "Determine which malware family or toolset is associated with the C2 endpoint based on threat intel.",
      "Reconstruct attacker objectives and dwell time by correlating C2 activity with host-level telemetry."
    ]
  }
},
"IOC_KEV_EXPLOIT_ACTIVITY": {
  "TITLE": "IOC — Activity Related to Known Exploited Vulnerability (KEV)",
  "CLASSIFICATION": "OMEGA-BLACK",
  "SEVERITY_DEFAULT": "CRITICAL",
  "CONFIDENCE_DEFAULT": 0.94,
  "SOURCE_MAPPINGS": {
    "PRIMARY": ["ids_ips", "web", "endpoint"],
    "SECONDARY": ["vulnerability_mgmt", "cloud"]
  },
  "D3FEND_MAPPINGS": [],
  "SECTIONS": {
    "IDENTIFICATION": [
      "Match exploit signatures, HTTP requests, or endpoint events against vulnerabilities listed in the CISA Known Exploited Vulnerabilities (KEV) catalog.",
      "Correlate observed exploit attempts with systems known to be vulnerable based on vulnerability management data.",
      "Prioritize cases where exploitation attempts are followed by code execution, process creation, or configuration changes on the targeted system."
    ],
    "CONTAINMENT": [
      "Immediately apply virtual patching or hardening controls (WAF rules, IPS signatures, configuration changes) to systems under active KEV exploitation.",
      "Isolate vulnerable systems that show signs of successful exploitation for thorough investigation.",
      "Temporarily restrict external access to services affected by KEV-listed vulnerabilities until they can be patched."
    ],
    "COUNTERMEASURES": [
      "Continuously synchronize with the CISA KEV catalog and prioritize patching of listed vulnerabilities across the environment.",
      "Deploy additional detections that specifically look for exploitation attempts of KEV-listed CVEs.",
      "Limit exposure of vulnerable services by using network segmentation, VPN access, or zero trust principles."
    ],
    "FORENSICS": [
      "Review logs and telemetry surrounding the suspected exploitation window, including web, application, and endpoint logs.",
      "Determine whether exploitation resulted in code execution, persistence, data access, or lateral movement.",
      "Feed newly discovered indicators and behaviors into detection engineering and patch verification processes."
    ]
  }
},
"IOC_PHISHING_URL_MATCH": {
  "TITLE": "IOC — URL Matches Known Phishing Infrastructure",
  "CLASSIFICATION": "SIGMA-RED",
  "SEVERITY_DEFAULT": "HIGH",
  "CONFIDENCE_DEFAULT": 0.93,
  "SOURCE_MAPPINGS": {
    "PRIMARY": ["email", "proxy"],
    "SECONDARY": ["saas", "cloud", "endpoint"]
  },
  "D3FEND_MAPPINGS": [],
  "SECTIONS": {
    "IDENTIFICATION": [
      "Match URLs present in email bodies, attachments, chat messages, or web access logs against phishing-focused feeds such as PhishTank and OpenPhish.",
      "Prioritize URLs identified as credential harvesting pages or login impersonation portals.",
      "Correlate URL clicks with subsequent suspicious authentication events, such as successful logins from new IPs or devices."
    ],
    "CONTAINMENT": [
      "Quarantine or recall email messages and messages in collaboration tools containing the confirmed phishing URL.",
      "Force credential resets and revoke active sessions for users who visited the phishing URL and may have entered credentials.",
      "Block the phishing URL and associated domain at email gateways, web proxies, and DNS filters."
    ],
    "COUNTERMEASURES": [
      "Enable phishing URL detection and rewriting in email and collaboration platforms where available.",
      "Provide frequent phishing awareness training and simulations to reduce click-through rates.",
      "Implement phishing-resistant authentication methods to limit the impact of credential theft."
    ],
    "FORENSICS": [
      "Capture the phishing page content and structure for analysis and future training material.",
      "Review authentication logs following user interaction with the phishing URL for signs of account takeover.",
      "Correlate with other IOC matches and anomalies (impossible travel, new device, privilege changes) to assess incident scope."
    ]
  },

"IOC_MALWARE_DROP_SITE": {
  "TITLE": "IOC — Access to Known Malware Drop Site",
  "CLASSIFICATION": "SIGMA-RED",
  "SEVERITY_DEFAULT": "HIGH",
  "CONFIDENCE_DEFAULT": 0.93,
  "SOURCE_MAPPINGS": {
    "PRIMARY": ["proxy", "web", "network"],
    "SECONDARY": ["endpoint", "email"]
  },
  "D3FEND_MAPPINGS": [],
  "SECTIONS": {
    "IDENTIFICATION": [
      "Match requested URLs or domains in proxy, web gateway, or firewall logs against feeds that track malware distribution infrastructure (e.g., Abuse.ch URLhaus, MalwareBazaar-linked URLs, OTX, MISP).",
      "Prioritize entries tagged as active payload hosting, exploit kits, or drive-by download sites.",
      "Correlate access to the drop site with subsequent file downloads, process creation, or AV/EDR alerts on the originating host."
    ],
    "CONTAINMENT": [
      "Block further access to the identified drop site domain and full URLs at all web gateways, proxies, and firewalls.",
      "Quarantine any files downloaded from the drop site and trigger full AV/EDR scans on involved hosts.",
      "Isolate endpoints that show both access to the drop site and suspicious process executions or alerts."
    ],
    "COUNTERMEASURES": [
      "Continuously ingest and enforce URL- and domain-based IOCs from trusted malware distribution feeds.",
      "Enforce web category policies that restrict access to hosting, newly registered domains, and high-risk content types.",
      "Use sandbox analysis on downloaded files from untrusted sites before allowing them to be executed or distributed."
    ],
    "FORENSICS": [
      "Recover and analyze downloaded payloads in a controlled environment to understand malware family and capabilities.",
      "Review browser, script, and process telemetry around the time of access to the drop site.",
      "Correlate with other IOC matches (hashes, C2 endpoints) to map the full infection chain."
    ]
  }
},
"IOC_BOTNET_C2_MATCH": {
  "TITLE": "IOC — Communication with Known Botnet Infrastructure",
  "CLASSIFICATION": "OMEGA-BLACK",
  "SEVERITY_DEFAULT": "CRITICAL",
  "CONFIDENCE_DEFAULT": 0.95,
  "SOURCE_MAPPINGS": {
    "PRIMARY": ["network", "ids_ips"],
    "SECONDARY": ["dns", "endpoint", "proxy"]
  },
  "D3FEND_MAPPINGS": [],
  "SECTIONS": {
    "IDENTIFICATION": [
      "Match destination IPs, domains, or URLs in network, DNS, and IDS/IPS logs against threat intel entries specifically tagged as botnet command-and-control infrastructure.",
      "Identify recurring beacon-like traffic patterns (periodic, low-volume connections) from internal hosts to these known botnet endpoints.",
      "Correlate botnet C2 matches with malware hash detections, suspicious process trees, or unusual resource usage on affected hosts."
    ],
    "CONTAINMENT": [
      "Immediately block all communication to the botnet C2 endpoints at firewalls, DNS resolvers, and proxies.",
      "Isolate infected hosts from the network and treat them as compromised until reimaged or thoroughly cleaned.",
      "Revoke any credentials or tokens used on affected hosts that may have been harvested by the botnet."
    ],
    "COUNTERMEASURES": [
      "Integrate botnet-focused feeds from reputable sources into network security controls.",
      "Enforce strict egress filtering, allowing only necessary outbound protocols and destinations.",
      "Deploy behavior-based detections tuned to common botnet C2 patterns (e.g., periodic callbacks, domain generation algorithm usage)."
    ],
    "FORENSICS": [
      "Collect and analyze PCAPs or flow records for sessions between internal hosts and botnet C2 infrastructure.",
      "Determine the botnet family, infection vector, and potential secondary payloads using threat intel and malware analysis.",
      "Use insights to improve blocking, detection signatures, and host hardening policies."
    ]
  }
},
"IOC_SUSPICIOUS_ASN_MATCH": {
  "TITLE": "IOC — Communication with High-Risk ASN or Hosting Provider",
  "CLASSIFICATION": "SIGMA-RED",
  "SEVERITY_DEFAULT": "HIGH",
  "CONFIDENCE_DEFAULT": 0.9,
  "SOURCE_MAPPINGS": {
    "PRIMARY": ["network", "vpn"],
    "SECONDARY": ["proxy", "dns"]
  },
  "D3FEND_MAPPINGS": [],
  "SECTIONS": {
    "IDENTIFICATION": [
      "Map destination IPs in network and VPN logs to their associated ASNs and hosting providers.",
      "Match those ASNs or providers against threat intel that tracks infrastructure frequently used by threat actors (bulletproof hosting, abuse-heavy ranges).",
      "Prioritize communication that is both in a high-risk ASN and associated with non-business-critical services or unusual ports."
    ],
    "CONTAINMENT": [
      "Temporarily block or closely monitor traffic to high-risk ASNs that show suspicious patterns or context.",
      "Investigate internal hosts that generate repeated or unexpected connections to these ASN ranges.",
      "Apply stricter egress filtering rules for segments that do not require access to generic hosting providers."
    ],
    "COUNTERMEASURES": [
      "Maintain and continuously update a curated list of ASNs and providers known for abuse or malicious activity.",
      "Limit outbound connectivity to well-vetted service providers where possible.",
      "Use network segmentation to restrict which systems are able to reach high-risk or generic hosting environments."
    ],
    "FORENSICS": [
      "Review flows, DNS lookups, and application logs associated with communication to high-risk ASNs.",
      "Determine whether the communication was related to C2, exfiltration, phishing, or benign services.",
      "Feed confirmed malicious ASNs and associated indicators into blocklists and detection rules."
    ]
  }
},
"IOC_TOR_SUSPICIOUS_COMMUNICATION": {
  "TITLE": "IOC — Suspicious Communication via Tor Network",
  "CLASSIFICATION": "SIGMA-RED",
  "SEVERITY_DEFAULT": "HIGH",
  "CONFIDENCE_DEFAULT": 0.91,
  "SOURCE_MAPPINGS": {
    "PRIMARY": ["network", "proxy"],
    "SECONDARY": ["vpn", "endpoint", "dns"]
  },
  "D3FEND_MAPPINGS": [],
  "SECTIONS": {
    "IDENTIFICATION": [
      "Match destination IPs in network and proxy logs against maintained lists of Tor exit nodes or Tor-related infrastructure.",
      "Flag cases where Tor usage coincides with high-risk behavior such as data uploads, authenticated sessions to internal services, or communication with known malicious endpoints.",
      "Correlate Tor traffic with specific users, devices, and processes to distinguish sanctioned privacy use from covert exfiltration or C2 activity."
    ],
    "CONTAINMENT": [
      "Block or strictly limit Tor traffic from corporate networks where business justification is not established.",
      "Isolate or closely monitor hosts using Tor for suspicious activities such as data transfers or administrative access.",
      "Require security review and explicit approval for any business use of Tor or similar anonymization networks."
    ],
    "COUNTERMEASURES": [
      "Maintain regularly updated lists of Tor exit nodes and apply them to network monitoring and filtering policies.",
      "Use DLP and behavioral analytics to detect sensitive data movement over encrypted and anonymized channels.",
      "Educate users about policies on anonymization tools and the risks associated with bypassing corporate visibility."
    ],
    "FORENSICS": [
      "Analyze traffic patterns over Tor connections to estimate whether they are consistent with browsing, tunneling, or automated tools.",
      "Correlate Tor usage with other IOC matches, anomalies, and endpoint events to assess if an intrusion is underway.",
      "Use findings to refine policies on Tor detection, blocking, and acceptable use exceptions."
    ]
  }
},
"IOC_RANSOMWARE_NOTE_IOC": {
  "TITLE": "IOC — Detection of Known Ransomware Note Artifacts",
  "CLASSIFICATION": "OMEGA-BLACK",
  "SEVERITY_DEFAULT": "CRITICAL",
  "CONFIDENCE_DEFAULT": 0.96,
  "SOURCE_MAPPINGS": {
    "PRIMARY": ["endpoint", "edr"],
    "SECONDARY": ["file_system", "backup", "siem"]
  },
  "D3FEND_MAPPINGS": [],
  "SECTIONS": {
    "IDENTIFICATION": [
      "Match file names, paths, or hashes of ransom note artifacts on endpoints and servers against known ransomware note indicators from threat intelligence feeds.",
      "Detect sudden creation of multiple ransom note files across directories or network shares within a short time window.",
      "Correlate ransom note detection with encryption-like behavior such as mass file modifications, extension changes, or backup deletion attempts."
    ],
    "CONTAINMENT": [
      "Immediately isolate affected systems from the network to stop further spread or encryption.",
      "Disable scheduled tasks, services, or processes responsible for generating ransom notes and modifying files.",
      "Preserve snapshots or backups and verify their integrity before use in recovery efforts."
    ],
    "COUNTERMEASURES": [
      "Integrate ransomware note IOCs and behavioral detections into EDR, AV, and file monitoring solutions.",
      "Harden backup systems and ensure they are segmented and protected from direct access by endpoints.",
      "Implement restrictive execution and macro policies to limit initial ransomware payload execution paths."
    ],
    "FORENSICS": [
      "Collect samples of ransom notes, associated binaries, and logs for attribution and malware analysis.",
      "Determine the ransomware family, entry vector, and scope of encryption or data theft.",
      "Use insights to refine incident response plans, tabletop scenarios, and detection coverage."
    ]
  }
},
"IOC_KNOWN_PHISHING_SENDER": {
  "TITLE": "IOC — Email from Known Malicious or Phishing Sender",
  "CLASSIFICATION": "SIGMA-RED",
  "SEVERITY_DEFAULT": "HIGH",
  "CONFIDENCE_DEFAULT": 0.92,
  "SOURCE_MAPPINGS": {
    "PRIMARY": ["email"],
    "SECONDARY": ["saas", "proxy"]
  },
  "D3FEND_MAPPINGS": [],
  "SECTIONS": {
    "IDENTIFICATION": [
      "Match sender email addresses, domains, or sending infrastructure in mail logs against known phishing or attacker-controlled sender IOCs from threat intel feeds.",
      "Identify campaigns where the same malicious sender contacts multiple users or distribution lists within the organization.",
      "Correlate messages from known phishing senders with user clicks, credential theft, or attachment execution events."
    ],
    "CONTAINMENT": [
      "Quarantine or recall messages from known malicious senders across all affected mailboxes where technically feasible.",
      "Block future messages from these senders at the email gateway or cloud mail provider.",
      "Notify targeted users of the phishing attempt and instruct them not to engage with similar content."
    ],
    "COUNTERMEASURES": [
      "Feed sender-based phishing IOCs into email filtering, DMARC/SPF/DKIM enforcement, and anti-spam layers.",
      "Deploy advanced phishing protections including banner warnings, URL rewriting, and safe link inspection.",
      "Regularly train users to scrutinize sender addresses and report suspicious messages promptly."
    ],
    "FORENSICS": [
      "Archive and analyze representative phishing emails, including headers, content, and attachments.",
      "Correlate sender-based campaigns with other IOC matches (phishing URLs, C2 domains, malware hashes).",
      "Feed insights into improved filtering rules, awareness content, and response playbooks."
    ]
  }
},
"IOC_MALICIOUS_TLS_FINGERPRINT": {
  "TITLE": "IOC — Malicious TLS or JA3 Fingerprint Match",
  "CLASSIFICATION": "SIGMA-RED",
  "SEVERITY_DEFAULT": "HIGH",
  "CONFIDENCE_DEFAULT": 0.91,
  "SOURCE_MAPPINGS": {
    "PRIMARY": ["network", "ids_ips"],
    "SECONDARY": ["proxy", "endpoint"]
  },
  "D3FEND_MAPPINGS": [],
  "SECTIONS": {
    "IDENTIFICATION": [
      "Match observed TLS client or server fingerprints (e.g., JA3/JA3S hashes) in network logs against known malicious fingerprints from threat intel sources.",
      "Identify encrypted sessions where the TLS fingerprint is strongly associated with specific malware families or C2 frameworks.",
      "Correlate malicious TLS fingerprint matches with destination domains, IPs, and processes on the initiating host."
    ],
    "CONTAINMENT": [
      "Block or terminate network sessions using malicious TLS fingerprints where policy permits.",
      "Isolate affected hosts whose traffic repeatedly matches known malicious TLS fingerprints.",
      "Increase inspection and logging for encrypted traffic from segments where malicious fingerprints are observed."
    ],
    "COUNTERMEASURES": [
      "Integrate TLS fingerprint-based IOCs into IDS/IPS and network monitoring tools.",
      "Combine fingerprint detections with domain and IP reputation systems for higher-confidence blocking decisions.",
      "Encourage use of up-to-date, standardized TLS stacks on corporate systems to limit overlap with malware fingerprint profiles."
    ],
    "FORENSICS": [
      "Analyze session metadata, timing, and endpoints for traffic associated with malicious TLS fingerprints.",
      "Identify which applications or processes generate the flagged TLS connections using endpoint telemetry.",
      "Use attribution from threat intelligence to infer likely malware families and campaigns involved."
    ]
  }
}
}
}