{
  "framework_playbook": "ANOMALY RISK",
  "anomalies": {
    "IDENTITY_RARE_USERNAME_ACTIVITY": {
      "TITLE": "Unusual Identity Activity Pattern",
      "RISK_THEME": "IDENTITY_DRIFT",
      "SEVERITY_DEFAULT": "MEDIUM",
      "CONFIDENCE_DEFAULT": 0.84,
      "SIGNAL_EXAMPLES": [
        "Username appears only once or in a very small subset of authentication logs.",
        "Identity accessing systems or resources it has no history with.",
        "Account used from a device or network not previously associated with the user."
      ],
      "SECTIONS": {
        "ASSESSMENT": [
          "Identity object is operating outside its normal behavioral envelope.",
          "Scenario is consistent with newly created accounts, shared credentials, or compromised identities.",
          "Risk increases when the identity touches administrative interfaces, backups, or critical systems."
        ],
        "OPERATOR_DIRECTIVES": [
          "Confirm whether the account is legitimate, newly onboarded, or scheduled for decommission.",
          "Review recent role assignments, group memberships, and privilege changes for the identity.",
          "Check login sources (IP, device fingerprint, location) against historical usage patterns.",
          "Place the identity under heightened monitoring and require step-up authentication for sensitive access."
        ],
        "ESCALATION_CONDITIONS": [
          "Identity begins exercising privileges inconsistent with its job function.",
          "Multiple failed logins, password changes, or MFA resets linked to the account.",
          "Lateral movement or data-access anomalies correlated with this identity."
        ]
      }
    },

    "IDENTITY_IMPOSSIBLE_TRAVEL": {
      "TITLE": "Geographic Impossibility Event",
      "RISK_THEME": "IDENTITY_DRIFT",
      "SEVERITY_DEFAULT": "HIGH",
      "CONFIDENCE_DEFAULT": 0.9,
      "SIGNAL_EXAMPLES": [
        "Two successful logins for the same user from distant locations within an impossible time window.",
        "Login patterns alternating between regions or countries within short time spans.",
        "Device or network fingerprints not aligned across sessions."
      ],
      "SECTIONS": {
        "ASSESSMENT": [
          "Identity is observed authenticating from multiple distant locations in a period incompatible with physical travel.",
          "Scenario indicates credential sharing, session hijacking, or account compromise.",
          "Risk is severe when privileged accounts or high-value users are involved."
        ],
        "OPERATOR_DIRECTIVES": [
          "Immediately contact the user via out-of-band channels to verify recent logins.",
          "Invalidate all active sessions and force a credential reset if compromise is suspected.",
          "Review session details, devices, and networks used during the anomaly window.",
          "Apply tighter conditional access rules, including geo-fencing and device binding, for this identity."
        ],
        "ESCALATION_CONDITIONS": [
          "Repeated impossible-travel events for the same account or group of accounts.",
          "Concurrent anomalies such as unfamiliar device enrollments or MFA fatigue prompts.",
          "Any privileged or administrative actions taken during suspect sessions."
        ]
      }
    },

    "IDENTITY_TIME_ANOMALY": {
      "TITLE": "Temporal Access Deviation",
      "RISK_THEME": "IDENTITY_DRIFT",
      "SEVERITY_DEFAULT": "MEDIUM",
      "CONFIDENCE_DEFAULT": 0.82,
      "SIGNAL_EXAMPLES": [
        "User accesses systems at times significantly outside normal working hours.",
        "Burst of privileged activity in low-usage windows (e.g., 02:00–04:00 local).",
        "High-risk operations executed by non-operations staff during off-hours."
      ],
      "SECTIONS": {
        "ASSESSMENT": [
          "Identity is active during time periods not aligned with historical behavior.",
          "Activity may reflect overtime work, automated tasks, or hostile use of stolen credentials.",
          "Risk intensifies when off-hours activity targets financial, backup, or administrative systems."
        ],
        "OPERATOR_DIRECTIVES": [
          "Verify with the user or manager whether after-hours activity was expected or scheduled.",
          "Review the specific operations executed during anomalous time windows.",
          "Cross-check for simultaneous device, IP, or geo anomalies for the same identity.",
          "Increase logging and alert sensitivity for off-hours actions by the affected account."
        ],
        "ESCALATION_CONDITIONS": [
          "Repeated off-hours sessions with growing access breadth or privilege usage.",
          "Combination with new device, new location, or large data-access anomalies.",
          "Attempts to modify audit logs, backup settings, or security controls during off-hours."
        ]
      }
    },

    "NETWORK_RARE_DEST_IP": {
      "TITLE": "Unrecognized Destination Node",
      "RISK_THEME": "NETWORK_RECON",
      "SEVERITY_DEFAULT": "MEDIUM",
      "CONFIDENCE_DEFAULT": 0.8,
      "SIGNAL_EXAMPLES": [
        "Destination IP observed only once in the dataset for the selected window.",
        "Destination not present in known asset inventory or allow-lists.",
        "No prior communication history between source and destination hosts."
      ],
      "SECTIONS": {
        "ASSESSMENT": [
          "Host appears as a unique destination within the observation window.",
          "Pattern is consistent with reconnaissance, misconfiguration, or early-stage lateral mapping.",
          "Risk increases if the source node has additional scan, probe, or authentication anomalies."
        ],
        "OPERATOR_DIRECTIVES": [
          "Validate whether the destination node is a sanctioned internal or external asset.",
          "Inspect the source node for additional scanning, probing, or enumeration behaviors.",
          "Cross-reference the destination with DNS, CMDB, and asset management records.",
          "Review firewall, proxy, and IDS telemetry for additional connections to or from this node."
        ],
        "ESCALATION_CONDITIONS": [
          "Multiple probes from the same source to different new destinations.",
          "Follow-on authentication attempts or credential failures involving the destination.",
          "Any data-transfer volume to the destination exceeding normal baseline patterns."
        ]
      }
    },

    "NETWORK_RARE_SRC_IP": {
      "TITLE": "Unrecognized Source Node",
      "RISK_THEME": "NETWORK_RECON",
      "SEVERITY_DEFAULT": "MEDIUM",
      "CONFIDENCE_DEFAULT": 0.8,
      "SIGNAL_EXAMPLES": [
        "Source IP appears rarely or only once across network logs.",
        "Source not mapped to any managed device, VPN endpoint, or approved partner.",
        "Ingress pattern deviates from normal entry points and gateways."
      ],
      "SECTIONS": {
        "ASSESSMENT": [
          "Source node has minimal or no prior presence in network telemetry.",
          "Behavior is consistent with external probing, rogue asset activity, or misrouted traffic.",
          "Risk intensifies if the node targets sensitive segments or privileged services."
        ],
        "OPERATOR_DIRECTIVES": [
          "Determine if the source IP belongs to authorized infrastructure, vendor, or user VPN.",
          "Inspect firewall and IDS logs for additional activity from the same IP or netblock.",
          "Check geo-location, ASN, and reputation for the source address.",
          "Harden or restrict ingress paths targeted by the source during the anomaly window."
        ],
        "ESCALATION_CONDITIONS": [
          "Repeated appearances of the same source across multiple days or network segments.",
          "Transition from low-level probes to authentication or exploit attempts.",
          "Correlation with known hostile infrastructure from threat intelligence."
        ]
      }
    },

    "NETWORK_UNUSUAL_PORT_ACTIVITY": {
      "TITLE": "Suspicious Port Usage",
      "RISK_THEME": "NETWORK_RECON",
      "SEVERITY_DEFAULT": "MEDIUM",
      "CONFIDENCE_DEFAULT": 0.82,
      "SIGNAL_EXAMPLES": [
        "Connections to ports not commonly used in this environment.",
        "Service banners do not match expected protocols on observed ports.",
        "Short, repeated connections across sequential ports from the same source."
      ],
      "SECTIONS": {
        "ASSESSMENT": [
          "Observed traffic uses non-standard or rarely observed ports for the host or application.",
          "Pattern may indicate port scanning, protocol tunneling, or covert C2 channels.",
          "Impact escalates when combined with unknown destinations or rare user identities."
        ],
        "OPERATOR_DIRECTIVES": [
          "Review firewall and IDS rules for exposure of the observed ports.",
          "Validate whether any sanctioned application legitimately uses these ports on the affected hosts.",
          "Correlate with netflow to determine whether activity is scanning, beaconing, or bulk transfer.",
          "Consider blocking or rate-limiting traffic on anomalous ports for non-essential systems."
        ],
        "ESCALATION_CONDITIONS": [
          "Evidence of systematic port sweeps across multiple hosts or subnets.",
          "Follow-on exploit attempts or protocol misuse over the same ports.",
          "Association with known malware or C2 infrastructure."
        ]
      }
    },

    "NETWORK_NEW_EXTERNAL_DESTINATION": {
      "TITLE": "New External Communication Endpoint",
      "RISK_THEME": "NETWORK_RECON",
      "SEVERITY_DEFAULT": "MEDIUM",
      "CONFIDENCE_DEFAULT": 0.83,
      "SIGNAL_EXAMPLES": [
        "First-time outbound connection to a particular external IP or domain.",
        "External destination not present in historical traffic baselines.",
        "Destination hosted in a high-risk geography or on untrusted hosting providers."
      ],
      "SECTIONS": {
        "ASSESSMENT": [
          "Internal node initiated communication with an external endpoint not previously observed.",
          "Activity may reflect new business services, shadow IT, or attacker staging.",
          "Risk increases when paired with uncommon ports, large data transfers, or rare identities."
        ],
        "OPERATOR_DIRECTIVES": [
          "Resolve the external endpoint and classify its purpose, owner, and hosting provider.",
          "Verify whether any sanctioned application or vendor legitimately uses this endpoint.",
          "Monitor for repeated connections, especially outside business hours or from privileged systems.",
          "Apply conditional blocking or deeper inspection if the endpoint cannot be justified quickly."
        ],
        "ESCALATION_CONDITIONS": [
          "Sustained or growing connection frequency to the new endpoint.",
          "Outbound data volume exceeding normal thresholds toward the destination.",
          "Endpoint appears in threat intelligence, block lists, or abuse reports."
        ]
      }
    },

    "ENDPOINT_RARE_PROCESS": {
      "TITLE": "Unusual Process Execution",
      "RISK_THEME": "ENDPOINT_COMPROMISE",
      "SEVERITY_DEFAULT": "MEDIUM",
      "CONFIDENCE_DEFAULT": 0.83,
      "SIGNAL_EXAMPLES": [
        "Binary or process name observed for the first time on a host or in the fleet.",
        "Process launched from non-standard directories such as temp, user profile, or network share locations.",
        "Process parent-child relationships inconsistent with known application behavior."
      ],
      "SECTIONS": {
        "ASSESSMENT": [
          "Endpoint executed a process that diverges from historical baselines.",
          "Pattern may indicate new software deployment, admin tooling, or malicious payload.",
          "Risk rises when the process initiates network calls, script interpreters, or privilege changes."
        ],
        "OPERATOR_DIRECTIVES": [
          "Determine whether the binary belongs to approved software or administrative tools.",
          "Inspect command-line arguments, parent process, and execution context.",
          "Check reputation, digital signatures, and hashes against internal and external intelligence.",
          "Place the host under increased monitoring for lateral movement or persistence activity."
        ],
        "ESCALATION_CONDITIONS": [
          "Process spawns additional suspicious children, scripts, or credential access behavior.",
          "Same binary appears on multiple hosts without deployment records.",
          "Linkage to known malware families, offensive frameworks, or exploit kits."
        ]
      }
    },

    "ENDPOINT_NEW_BINARY_HASH": {
      "TITLE": "Previously Unseen Binary Artifact",
      "RISK_THEME": "ENDPOINT_COMPROMISE",
      "SEVERITY_DEFAULT": "MEDIUM",
      "CONFIDENCE_DEFAULT": 0.84,
      "SIGNAL_EXAMPLES": [
        "File hash not present in historical catalog of known software.",
        "Binary appears in download, temp, or staging directories.",
        "Execution closely follows email attachment open, browser download, or removable media use."
      ],
      "SECTIONS": {
        "ASSESSMENT": [
          "A binary with a previously unseen hash has been detected on an endpoint.",
          "May indicate legitimate patching, new deployment, or introduction of unvetted or hostile code.",
          "Risk intensifies when the binary is unsigned, obfuscated, or interacts with security tools."
        ],
        "OPERATOR_DIRECTIVES": [
          "Classify the binary as business-approved, test artifact, or suspicious payload.",
          "Scan the file with internal and external malware analysis tools.",
          "Check whether the same hash exists on other systems or shared locations.",
          "If unapproved, contain by quarantining the file and, where needed, the host."
        ],
        "ESCALATION_CONDITIONS": [
          "Binary initiates outbound connections to unknown or blocked destinations.",
          "Binary modifies registry, autostart entries, or security configurations.",
          "Multiple new suspicious hashes appear across the same host in rapid succession."
        ]
      }
    },

    "CONTROL_SECURITY_TOOL_GAP": {
      "TITLE": "Security Telemetry or Control Gap",
      "RISK_THEME": "CONTROL_GAP",
      "SEVERITY_DEFAULT": "HIGH",
      "CONFIDENCE_DEFAULT": 0.9,
      "SIGNAL_EXAMPLES": [
        "Host missing required security agent or EDR coverage.",
        "Extended logging gaps for critical systems or domains.",
        "Repeated failures in log forwarding, health checks, or update mechanisms."
      ],
      "SECTIONS": {
        "ASSESSMENT": [
          "One or more systems lack expected security tooling or telemetry.",
          "Condition may result from misconfiguration, agent failure, or deliberate tampering.",
          "Risk is high, as blind spots provide attackers low-friction operating space."
        ],
        "OPERATOR_DIRECTIVES": [
          "Identify all assets missing required security agents or logs.",
          "Verify whether maintenance windows or rollouts explain the observed gaps.",
          "Restore protective tooling and logging baselines on all affected hosts.",
          "Review change and access records for evidence of intentional disabling."
        ],
        "ESCALATION_CONDITIONS": [
          "Gaps overlap with other indicators of compromise or anomalous host behavior.",
          "Patterns of repeated agent removal or disabling on specific segments.",
          "Blind spots include domain controllers, critical servers, or high-value endpoints."
        ]
      }
    },

    "EXFIL_VOLUME_SPIKE": {
      "TITLE": "Abnormal Outbound Volume Spike",
      "RISK_THEME": "EXFIL_SIGNAL",
      "SEVERITY_DEFAULT": "HIGH",
      "CONFIDENCE_DEFAULT": 0.9,
      "SIGNAL_EXAMPLES": [
        "Outbound bytes significantly exceed user, host, or application baselines.",
        "Sudden transfer bursts to external destinations.",
        "Sustained high-throughput sessions during narrow time windows."
      ],
      "SECTIONS": {
        "ASSESSMENT": [
          "Outbound data volume deviates sharply from historical patterns for the observed subject.",
          "Behavior is consistent with bulk data exfiltration, misconfigured backups, or mass replication.",
          "Severity escalates when targeting cloud storage, file-sharing platforms, or unknown hosts."
        ],
        "OPERATOR_DIRECTIVES": [
          "Identify destinations, protocols, and ports involved in the volume spike.",
          "Determine whether the transfer aligns with legitimate backup, sync, or export operations.",
          "Temporarily restrict or throttle outbound traffic from the host or identity if risk remains unclear.",
          "Inspect transferred contents where feasible, focusing on sensitive data categories."
        ],
        "ESCALATION_CONDITIONS": [
          "Repeated spikes from the same host or identity to the same external destination.",
          "Evidence of deliberate compression, encryption, or staging prior to transfer.",
          "Concurrent anomalies involving new tools, new credentials, or disabled logging."
        ]
      }
    },

    "EXFIL_SINGLE_LARGE_TRANSFER": {
      "TITLE": "Single High-Impact Data Movement Event",
      "RISK_THEME": "EXFIL_SIGNAL",
      "SEVERITY_DEFAULT": "HIGH",
      "CONFIDENCE_DEFAULT": 0.88,
      "SIGNAL_EXAMPLES": [
        "One-time transfer with volume far above normal per-session thresholds.",
        "Large archive or bundle sent to email, cloud storage, or external server.",
        "Destination controlled by personal account or unsanctioned storage provider."
      ],
      "SECTIONS": {
        "ASSESSMENT": [
          "A single session moved an unusually large amount of data relative to normal operations.",
          "Scenario is indicative of targeted data theft, emergency copying, or backup misrouting.",
          "Impact is critical if contents include proprietary, regulated, or identity data."
        ],
        "OPERATOR_DIRECTIVES": [
          "Identify file names, formats, and likely content classes of the transferred data where possible.",
          "Confirm whether the transfer was business-approved and documented.",
          "Review permissions for the identities and systems involved to prevent recurrence.",
          "If high-risk data is suspected, initiate formal data-breach response procedures."
        ],
        "ESCALATION_CONDITIONS": [
          "Transfer involves repositories labeled as critical or sensitive.",
          "Subsequent attempts to erase or tamper with logs or data lineage.",
          "External notification obligations triggered under legal or regulatory frameworks."
        ]
      }
    },

    "EMAIL_RARE_SENDER_DOMAIN": {
      "TITLE": "Unusual Sender Domain Activity",
      "RISK_THEME": "EMAIL_RISK",
      "SEVERITY_DEFAULT": "MEDIUM",
      "CONFIDENCE_DEFAULT": 0.83,
      "SIGNAL_EXAMPLES": [
        "Incoming messages from domains not previously seen in the environment.",
        "New domain sending to many recipients in a short period.",
        "SPF/DKIM/DMARC misalignment or failures for the sender domain."
      ],
      "SECTIONS": {
        "ASSESSMENT": [
          "Mail is originating from domains outside normal partner or customer sets.",
          "Pattern may represent new vendors, marketing campaigns, or phishing operations.",
          "Risk increases when message content includes links, attachments, or payment-related language."
        ],
        "OPERATOR_DIRECTIVES": [
          "Sample affected messages and classify them as business-related or suspicious.",
          "Check sender domain reputation and relationship to the organization.",
          "Increase filtering or quarantine thresholds for this domain until risk is clarified.",
          "Encourage users to report suspicious messages referencing the new domain."
        ],
        "ESCALATION_CONDITIONS": [
          "Domain appears in phishing feeds or abuse reports.",
          "Users report credential harvesting or malware linked to the domain.",
          "Messages from the domain correlate with login anomalies or malware alerts."
        ]
      }
    },

    "EMAIL_SUSPICIOUS_FORWARD_RULE": {
      "TITLE": "Suspicious Mailbox Forwarding Configuration",
      "RISK_THEME": "EMAIL_RISK",
      "SEVERITY_DEFAULT": "HIGH",
      "CONFIDENCE_DEFAULT": 0.9,
      "SIGNAL_EXAMPLES": [
        "New auto-forward rule to external address.",
        "Mailbox rule that hides, moves, or deletes security or finance-related messages.",
        "Forwarding configured for high-value users without change-ticket evidence."
      ],
      "SECTIONS": {
        "ASSESSMENT": [
          "Mailbox forwarding rules have been created or modified in ways that may divert or hide mail.",
          "Commonly associated with BEC, espionage, and long-term account compromise.",
          "Impact can include undetected fraud, missed approvals, or silent monitoring of sensitive mail."
        ],
        "OPERATOR_DIRECTIVES": [
          "List all forwarding rules for the affected mailbox and review their destinations.",
          "Disable or remove any rules forwarding to external or untrusted domains unless explicitly approved.",
          "Notify the mailbox owner and confirm whether rule creation was intentional.",
          "Review recent login history and device enrollments for signs of account compromise."
        ],
        "ESCALATION_CONDITIONS": [
          "Forwarding rules target personal or disposable email services.",
          "Multiple high-value mailboxes show similar forwarding patterns.",
          "Forwarded mail includes invoices, payment instructions, or privileged communications."
        ]
      }
    },

    "EMAIL_BULK_OUTBOUND_ANOMALY": {
      "TITLE": "Bulk Outbound Email Anomaly",
      "RISK_THEME": "EMAIL_RISK",
      "SEVERITY_DEFAULT": "MEDIUM",
      "CONFIDENCE_DEFAULT": 0.84,
      "SIGNAL_EXAMPLES": [
        "Single identity sends a high number of messages in a short timeframe.",
        "Outbreak of similar messages to many external recipients.",
        "Outbound mail volume from a host or service far exceeds historical baselines."
      ],
      "SECTIONS": {
        "ASSESSMENT": [
          "An account or system is generating abnormal outbound email volume.",
          "May indicate marketing misconfiguration, compromised account sending spam, or phishing propagation.",
          "Risk grows when messages include links, attachments, or credential prompts."
        ],
        "OPERATOR_DIRECTIVES": [
          "Sample a subset of the outbound messages to classify intent and content.",
          "Temporarily throttle or block outbound mail for the sending account if malicious content is suspected.",
          "Force credential reset and MFA review for compromised mail identities.",
          "Verify that no unauthorized mail-sending applications or connectors were added."
        ],
        "ESCALATION_CONDITIONS": [
          "External providers or partners report spam or phishing from organization domains.",
          "Bulk mail is tied to credential theft pages or malware delivery.",
          "Multiple accounts exhibit similar bulk-sending patterns."
        ]
      }
    },

    "CLOUD_NEW_ACCESS_KEY": {
      "TITLE": "New High-Risk Access Key Created",
      "RISK_THEME": "CLOUD_RISK",
      "SEVERITY_DEFAULT": "CRITICAL",
      "CONFIDENCE_DEFAULT": 0.9,
      "SIGNAL_EXAMPLES": [
        "Root or admin user created a new long-lived access key.",
        "Access key creation occurs outside of normal provisioning workflows.",
        "Key is used from unusual locations or workloads shortly after creation."
      ],
      "SECTIONS": {
        "ASSESSMENT": [
          "A new access key with elevated privileges has been created in the cloud control plane.",
          "Potentially legitimate emergency access, automation misconfiguration, or attacker backdoor.",
          "Risk is extreme for root-level keys or keys attached to organization-wide roles."
        ],
        "OPERATOR_DIRECTIVES": [
          "Confirm with the owning team whether the key creation was intentional and documented.",
          "If unjustified, immediately deactivate and delete the key and issue new credentials as needed.",
          "Review actions taken with the key since creation, focusing on IAM, networking, and storage.",
          "Tighten policies to restrict who can create or manage access keys for privileged identities."
        ],
        "ESCALATION_CONDITIONS": [
          "Key used for IAM changes, policy edits, or creation of additional backdoor identities.",
          "Key used from foreign regions, TOR, or unrecognized infrastructure.",
          "Multiple high-privilege keys created in close succession."
        ]
      }
    },

    "CLOUD_RARE_API_ACTION": {
      "TITLE": "Unusual Cloud API Behavior",
      "RISK_THEME": "CLOUD_RISK",
      "SEVERITY_DEFAULT": "MEDIUM",
      "CONFIDENCE_DEFAULT": 0.86,
      "SIGNAL_EXAMPLES": [
        "API calls rarely seen in this account or project.",
        "High-risk API used by identities that normally perform only basic operations.",
        "API invoked from new automation, tools, or SDK versions."
      ],
      "SECTIONS": {
        "ASSESSMENT": [
          "Cloud identities are issuing API calls inconsistent with their historical behavior.",
          "Likely causes include new automation, misconfigured scripts, or early-stage attacker exploration.",
          "Risk is higher when unusual APIs relate to IAM, logging, networking, or encryption."
        ],
        "OPERATOR_DIRECTIVES": [
          "Review the identity, role, and purpose of the caller using unusual APIs.",
          "Inspect associated code, scripts, or pipelines for recent changes.",
          "Enable additional logging or fine-grained monitoring on the affected services.",
          "Temporarily restrict access to high-risk APIs if they appear unnecessary."
        ],
        "ESCALATION_CONDITIONS": [
          "Unusual APIs are used to modify IAM, delete logs, or disable security controls.",
          "Activity appears across multiple regions or accounts in coordinated fashion.",
          "Unusual API use ties to known attacker playbooks or incident reports."
        ]
      }
    },

    "CLOUD_UNUSUAL_REGION_ACTIVITY": {
      "TITLE": "Anomalous Cloud Region Utilization",
      "RISK_THEME": "CLOUD_RISK",
      "SEVERITY_DEFAULT": "MEDIUM",
      "CONFIDENCE_DEFAULT": 0.84,
      "SIGNAL_EXAMPLES": [
        "Resources created in regions not normally used by the organization.",
        "Logins or API calls originating from new cloud regions.",
        "Data transfers between standard regions and unusual or high-risk regions."
      ],
      "SECTIONS": {
        "ASSESSMENT": [
          "Cloud activity is occurring in geographic regions outside established operational patterns.",
          "May signal attacker attempts to hide operations, replicate data, or exploit pricing or policy gaps.",
          "Impact is greater when sensitive workloads or storage are involved."
        ],
        "OPERATOR_DIRECTIVES": [
          "Identify all resources and identities active in the unusual regions.",
          "Verify whether any teams have legitimate projects or pilots in those regions.",
          "Restrict region use via policy where feasible, or enforce approvals for non-standard regions.",
          "Inspect cross-region data transfers and snapshots for potential exfil staging."
        ],
        "ESCALATION_CONDITIONS": [
          "Creation of IAM roles, keys, or admin resources in unusual regions.",
          "Regions used as source for scanning, lateral movement, or exfil.",
          "Evidence that unusual region use is controlled by compromised identities."
        ]
      }
    },

    "CLOUD_PRIVESC_ROLE_CHAIN": {
      "TITLE": "Cloud Role Chain Escalation Pattern",
      "RISK_THEME": "CLOUD_RISK",
      "SEVERITY_DEFAULT": "CRITICAL",
      "CONFIDENCE_DEFAULT": 0.9,
      "SIGNAL_EXAMPLES": [
        "Identity assuming multiple roles sequentially, ending in highly privileged roles.",
        "Role assumption chain inconsistent with defined access workflows.",
        "Temporary credentials used to modify policies or grant new privileges."
      ],
      "SECTIONS": {
        "ASSESSMENT": [
          "Observed behavior suggests role chaining to climb from low-privilege to high-privilege cloud roles.",
          "This is a hallmark of cloud privilege escalation and lateral movement within accounts.",
          "Risk is high when final roles possess organization-wide or security-critical permissions."
        ],
        "OPERATOR_DIRECTIVES": [
          "Reconstruct the full chain of role assumptions, including source identity and end roles.",
          "Temporarily disable or restrict roles involved in suspicious chains.",
          "Rotate credentials and restrict trust relationships that allow daisy-chained assumptions.",
          "Implement conditional approvals or service control policies limiting role chaining depth."
        ],
        "ESCALATION_CONDITIONS": [
          "Role chains include security administration, logging control, or billing access.",
          "Same pattern seen across multiple accounts, projects, or tenants.",
          "Privilege escalation coincides with data access, exfiltration, or control plane tampering."
        ]
      }
    },

    "TI_MATCH_HIGH_CONFIDENCE_IOC": {
      "TITLE": "High-Confidence Threat Intel Match",
      "RISK_THEME": "THREAT_INTEL",
      "SEVERITY_DEFAULT": "HIGH",
      "CONFIDENCE_DEFAULT": 0.92,
      "SIGNAL_EXAMPLES": [
        "Internal host communicating with IP/domain identified as active C2 or malware host.",
        "File hash match to high-confidence malware or tool signatures.",
        "Email indicators matching live phishing or BEC campaigns."
      ],
      "SECTIONS": {
        "ASSESSMENT": [
          "Internal activity matches high-confidence indicators from threat intelligence sources.",
          "Indicates probable interaction with known malicious infrastructure or tooling.",
          "Urgency depends on indicator age, kill-chain stage, and asset criticality."
        ],
        "OPERATOR_DIRECTIVES": [
          "Validate indicator freshness and confidence with the originating intel feed.",
          "Isolate affected hosts or identities where appropriate.",
          "Block or sinkhole malicious destinations at perimeter and egress controls.",
          "Search for additional occurrences of related indicators across logs and systems."
        ],
        "ESCALATION_CONDITIONS": [
          "Multiple high-confidence matches from the same campaign or family.",
          "Indicators involve ransomware, destructive malware, or high-impact APT tooling.",
          "Activity spans critical infrastructure, identity providers, or production workloads."
        ]
      }
    },

    "TI_CAMPAIGN_OVERLAP": {
      "TITLE": "Activity Overlaps Known Threat Campaign",
      "RISK_THEME": "THREAT_INTEL",
      "SEVERITY_DEFAULT": "HIGH",
      "CONFIDENCE_DEFAULT": 0.88,
      "SIGNAL_EXAMPLES": [
        "Infrastructure, tools, or TTPs align with a tracked threat group.",
        "Multiple IOCs from a single campaign appear across internal telemetry.",
        "Observed behavior matches published kill chain or intrusion set descriptions."
      ],
      "SECTIONS": {
        "ASSESSMENT": [
          "Observed anomalies line up with an identified external threat campaign or intrusion set.",
          "Attackers may be actively targeting your sector, region, or technology stack.",
          "Risk encompasses not only current incident, but potential follow-up operations."
        ],
        "OPERATOR_DIRECTIVES": [
          "Align local investigation steps with public or private reporting on the campaign.",
          "Engage sector ISACs or trusted sharing communities where policy permits.",
          "Verify whether recommended detections and mitigations for this campaign are already deployed.",
          "Prioritize protection of assets known to be targeted by the identified group."
        ],
        "ESCALATION_CONDITIONS": [
          "Campaign historically associated with destructive, espionage, or high-impact outcomes.",
          "Multiple internal business units or regions show related activity.",
          "Evidence suggests long-term footholds or backdoors were deployed."
        ]
      }
    },

    "TI_NEW_TOOLING_REPORT": {
      "TITLE": "Emergent Adversary Tooling Detected",
      "RISK_THEME": "THREAT_INTEL",
      "SEVERITY_DEFAULT": "MEDIUM",
      "CONFIDENCE_DEFAULT": 0.82,
      "SIGNAL_EXAMPLES": [
        "Detection of newly reported malware or offensive framework within the environment.",
        "Tooling linked to proof-of-concept exploit or recently disclosed vulnerability.",
        "Low-prevalence binaries matching early-stage threat intel signatures."
      ],
      "SECTIONS": {
        "ASSESSMENT": [
          "Environment shows signs of emergent or newly documented adversary tooling.",
          "Indicates rapid weaponization of new vulnerabilities or techniques against your assets.",
          "Even limited detections justify proactive review before wider exploitation."
        ],
        "OPERATOR_DIRECTIVES": [
          "Confirm classification of the tool or malware via sandboxes and vendor intel.",
          "Update local detections and hunting queries to cover variants and related indicators.",
          "Review exposed services and technologies associated with the new tooling’s targets.",
          "Brief relevant teams on the new threat, focusing on detection and containment steps."
        ],
        "ESCALATION_CONDITIONS": [
          "Tooling linked to active exploitation in your sector or geography.",
          "Instances appear on high-value systems or within sensitive environments.",
          "Observed behavior escalates from tool deployment to credential theft or exfil."
        ]
      }
    },

    "ANOM_ZERO_DAY_CVE_UNKNOWN": {
      "TITLE": "Zero-Day Exploitation – Unknown Vulnerability",
      "RISK_THEME": "ZERO_DAY",
      "SEVERITY_DEFAULT": "CRITICAL",
      "CONFIDENCE_DEFAULT": 0.75,
      "SIGNAL_EXAMPLES": [
        "Exploit-like behavior detected but no matching CVE signature.",
        "Crash patterns or memory corruption with unknown exploit chain.",
        "Remote code execution without known exploit fingerprint."
      ],
      "SECTIONS": {
        "ASSESSMENT": [
          "Observed activity indicates exploitation behavior inconsistent with known vulnerability signatures.",
          "May represent zero-day exploitation, emergent malware, or undocumented system bug.",
          "Immediate containment is recommended until the exploit vector is understood."
        ],
        "OPERATOR_DIRECTIVES": [
          "Isolate affected systems from external networks.",
          "Acquire full memory dumps and relevant logs for exploit chain reconstruction.",
          "Enable heightened logging and telemetry for targeted services and binaries.",
          "Engage threat intel and vendor channels to search for matching emerging reports."
        ],
        "ESCALATION_CONDITIONS": [
          "Active exploitation observed across multiple systems or segments.",
          "Privilege escalation or lateral movement follows the initial event.",
          "Exploit provides remote code execution or authentication bypass on critical systems."
        ]
      }
    },

    "ANOM_ZERO_DAY_LATERAL_DEPLOYMENT": {
      "TITLE": "Zero-Day Weaponization Phase",
      "RISK_THEME": "ZERO_DAY",
      "SEVERITY_DEFAULT": "CRITICAL",
      "CONFIDENCE_DEFAULT": 0.82,
      "SIGNAL_EXAMPLES": [
        "Custom payloads deployed after suspected zero-day exploit.",
        "Rapid privilege escalation without known attack chain.",
        "Execution from memory with minimal or no disk artifacts."
      ],
      "SECTIONS": {
        "ASSESSMENT": [
          "Payload deployment behaviors suggest that an unknown exploit chain has been successfully weaponized.",
          "Attackers may possess capabilities beyond current defensive signatures and controls.",
          "Situation warrants full incident command activation and cross-team coordination."
        ],
        "OPERATOR_DIRECTIVES": [
          "Revoke impacted identities and isolate compromised subnets.",
          "Force credential resets for accounts active on affected systems.",
          "Deploy emergency access controls or network lockdowns around critical assets.",
          "Begin comprehensive scoping to locate persistence, C2 beacons, and data staging."
        ],
        "ESCALATION_CONDITIONS": [
          "Indicators of long-term persistence implants or backdoors.",
          "Activity reaches domain controllers, cloud identity, or hypervisors.",
          "Attempts to alter telemetry, logging, or security configuration infrastructure."
        ]
      }
    },

    "ANOM_ZERO_DAY_SUPPLY_CHAIN": {
      "TITLE": "Zero-Day Supply Chain Vector",
      "RISK_THEME": "ZERO_DAY",
      "SEVERITY_DEFAULT": "CRITICAL",
      "CONFIDENCE_DEFAULT": 0.9,
      "SIGNAL_EXAMPLES": [
        "Compromise detected within newly updated vendor binaries or packages.",
        "Malicious code signed with legitimate vendor certificate.",
        "Initial access followed by infrastructure-wide propagation via update channels."
      ],
      "SECTIONS": {
        "ASSESSMENT": [
          "Indicators suggest a zero-day vulnerability introduced via trusted vendor or supply-chain artifacts.",
          "Attackers may possess upstream access or stolen code-signing materials.",
          "Full-scope assessment is required before restoring normal software distribution."
        ],
        "OPERATOR_DIRECTIVES": [
          "Freeze software updates and isolate suspected packages or repositories.",
          "Validate hashes and signatures against independent trusted sources where possible.",
          "Engage with vendors, CERTs, and sector partners to confirm scope and remediation steps.",
          "Review CI/CD pipelines and update servers for compromise or abuse."
        ],
        "ESCALATION_CONDITIONS": [
          "Privilege escalation on first execution of supplied components.",
          "Malicious propagation through deployment, patching, or configuration channels.",
          "Evidence of credential theft, data exfiltration, or persistent backdoors tied to supply-chain artifacts."
        ]
      }
    },
 
    "ENDPOINT_TEMP_STAGING_UNKNOWN_BINARY": {
    "TITLE": "Unknown Binary Staged in Temporary Execution Path",
    "RISK_THEME": "ENDPOINT_COMPROMISE",
    "SEVERITY_DEFAULT": "HIGH",
    "CONFIDENCE_DEFAULT": 0.87,
    "SIGNAL_EXAMPLES": [
        "Executable dropped into temporary directory by unknown host.",
        "Binary executed from temp paths or short-lived directories.",
        "File staging immediately followed by privilege escalation or persistence attempts."
    ],
    "SECTIONS": {
        "ASSESSMENT": [
        "A binary has been staged in a temporary execution directory, initiated by a host with no prior observed activity.",
        "This behavior aligns with malware deployment, tool staging, or preparation for lateral movement.",
        "Severity increases when paired with first-seen IPs, new identities, or execution from scripting runtimes."
        ],
        "OPERATOR_DIRECTIVES": [
        "Verify whether the binary originates from a sanctioned deployment or internal security tool.",
        "Analyze file metadata, signatures, hashes, and parent processes responsible for the drop.",
        "Quarantine the affected host or directory until classification is complete.",
        "Force memory and disk scans for in-memory payloads or follow-on execution activity."
        ],
        "ESCALATION_CONDITIONS": [
        "Binary spawns new processes, scripts, or service modifications.",
        "Binary has network activity, especially to unknown or external hosts.",
        "Same staging behavior appears across multiple nodes or user accounts."
        ]
    }
    }


}
}
