{
"Framework_playbook": "ANOMALY_GEO_IMPOSSIBLE", "anomalies": {
  "TITLE": "UEBA — Geographic Impossibility Login",
  "CLASSIFICATION": "RISK-BLACK",
  "SEVERITY_DEFAULT": "CRITICAL",
  "CONFIDENCE_DEFAULT": 0.93,
  "SOURCE_MAPPINGS": {
    "PRIMARY": ["auth"],
    "SECONDARY": ["vpn", "proxy", "cloud"]
  },
  "D3FEND_MAPPINGS": [],
  "SECTIONS": {
    "IDENTIFICATION": [
      "Detect a user or service account logging in from two distant geographic locations within an unrealistically short time window (impossible travel).",
      "Correlate source IPs with geolocation and ASN data to identify sudden, improbable country or region changes for the same identity.",
      "Flag sessions where device fingerprint, user agent, or MFA behavior differs sharply between two recent logins for the same account."
    ],
    "CONTAINMENT": [
      "Immediately invalidate and terminate all active sessions for the affected account across VPN, SSO, and cloud providers.",
      "Force password reset and MFA re-enrollment for the account, prioritizing admin and high-value identities.",
      "Temporarily block logins from suspicious geo regions or ASNs associated with the anomalous login until fully investigated."
    ],
    "COUNTERMEASURES": [
      "Enable conditional access policies that restrict logins from high-risk geographies or require stronger MFA from new locations.",
      "Continuously baseline typical login locations and ASNs per user or group and alert on deviations.",
      "Integrate IP reputation and threat intel feeds into authentication workflows to auto-flag logins from known malicious infrastructure."
    ],
    "FORENSICS": [
      "Review authentication logs, device fingerprints, and MFA challenges associated with both logins.",
      "Determine which session appears legitimate based on user verification and historical behavior.",
      "Correlate the anomalous login with any subsequent admin actions, data access, or configuration changes."
    ]
  }
},
"ANOMALY_DATA_VOLUME_SPIKE": {
  "TITLE": "UEBA — Sudden Data Volume Spike",
  "CLASSIFICATION": "OMEGA-BLACK",
  "SEVERITY_DEFAULT": "CRITICAL",
  "CONFIDENCE_DEFAULT": 0.92,
  "SOURCE_MAPPINGS": {
    "PRIMARY": ["network", "proxy", "storage"],
    "SECONDARY": ["endpoint", "cloud"]
  },
  "D3FEND_MAPPINGS": [],
  "SECTIONS": {
    "IDENTIFICATION": [
      "Detect a user, host, or service account transferring significantly more data than their historical baseline within a defined time window.",
      "Compare current data volume against rolling averages (e.g., 30-day) for uploads, downloads, or file copies.",
      "Flag spikes involving destinations such as unknown external IPs, personal cloud storage, or newly contacted domains."
    ],
    "CONTAINMENT": [
      "Throttle or temporarily block high-volume data transfers from the suspicious entity while preserving logs and telemetry.",
      "Revoke access tokens or credentials used for the anomalous transfer, especially for privileged or service accounts.",
      "Isolate the host generating the spike if malware or unauthorized tooling is suspected."
    ],
    "COUNTERMEASURES": [
      "Implement data loss prevention (DLP) controls on key egress points such as web proxies, email, and cloud storage.",
      "Define per-role or per-entity data volume thresholds and alert when exceeded.",
      "Restrict access to large, sensitive datasets and require just-in-time elevation for bulk exports."
    ],
    "FORENSICS": [
      "Review detailed transfer logs to determine what data was moved, to where, and over which protocol.",
      "Identify whether data was compressed, encrypted, or staged before movement.",
      "Correlate the spike with user activity, recent access changes, or possible account compromise."
    ]
  }
},
"ANOMALY_NEW_RESOURCE_ACCESS": {
  "TITLE": "UEBA — First-Time Access to New Resource",
  "CLASSIFICATION": "DELTA-AMBER",
  "SEVERITY_DEFAULT": "MEDIUM",
  "CONFIDENCE_DEFAULT": 0.9,
  "SOURCE_MAPPINGS": {
    "PRIMARY": ["auth", "file_access"],
    "SECONDARY": ["cloud", "saas", "network"]
  },
  "D3FEND_MAPPINGS": [],
  "SECTIONS": {
    "IDENTIFICATION": [
      "Detect when a user or service account accesses a host, file share, application, or dataset it has never interacted with before.",
      "Baseline typical resource access patterns by user, group, and department to distinguish normal expansion from anomalies.",
      "Flag first-time access to highly sensitive systems such as domain controllers, finance databases, or executive mailboxes."
    ],
    "CONTAINMENT": [
      "Temporarily restrict further access to the newly touched resource if business justification is unclear and risk is high.",
      "Require manager or owner verification for continued access to sensitive resources newly accessed by the entity.",
      "Increase monitoring on both the account and the resource for additional anomalous behavior."
    ],
    "COUNTERMEASURES": [
      "Implement least-privilege access controls and regular access reviews for critical systems.",
      "Tag and classify sensitive resources so that first-time access generates appropriate alerts.",
      "Align resource access with role-based access models to reduce opportunistic exploration."
    ],
    "FORENSICS": [
      "Review access logs to understand which objects, files, or records were accessed during the initial interaction.",
      "Determine whether access coincided with other anomalies such as off-hours activity or unusual IP locations.",
      "Use findings to refine baselines and tune the signal-to-noise ratio for new resource alerts."
    ]
  }
},
"ANOMALY_TEMPORAL_DEVIATION": {
  "TITLE": "UEBA — Activity Outside Normal Hours",
  "CLASSIFICATION": "DELTA-AMBER",
  "SEVERITY_DEFAULT": "MEDIUM",
  "CONFIDENCE_DEFAULT": 0.89,
  "SOURCE_MAPPINGS": {
    "PRIMARY": ["auth"],
    "SECONDARY": ["endpoint", "cloud", "vpn"]
  },
  "D3FEND_MAPPINGS": [],
  "SECTIONS": {
    "IDENTIFICATION": [
      "Baseline typical working hours for each user or group based on historical login and activity patterns.",
      "Detect logons, process starts, or remote access sessions occurring significantly outside the user’s normal time window.",
      "Prioritize anomalies where off-hours activity involves admin tools, data exports, or changes to security settings."
    ],
    "CONTAINMENT": [
      "Promptly verify with the user or their manager whether the off-hours activity was expected.",
      "Temporarily tighten access controls for accounts exhibiting repeated unexplained off-hours activity.",
      "Monitor in real time for high-risk operations performed during anomalous hours and consider step-up authentication."
    ],
    "COUNTERMEASURES": [
      "Document expected support windows or shift patterns to distinguish legitimate from suspicious off-hours work.",
      "Use conditional access or adaptive policies that require stronger authentication for off-hours logons.",
      "Educate staff handling privileged accounts about the risk of unscheduled off-hours administrative work."
    ],
    "FORENSICS": [
      "Review detailed activity logs for the off-hours session, including commands, accessed resources, and configuration changes.",
      "Correlate the temporal deviation with other anomalies, such as unusual IPs or data movement.",
      "Update the user’s baseline only after confirming the new pattern is legitimate and recurring."
    ]
  }
},
"ANOMALY_FIRST_TIME_SUCCESSFUL_LOGIN": {
  "TITLE": "UEBA — First-Time Login from New Source",
  "CLASSIFICATION": "DELTA-AMBER",
  "SEVERITY_DEFAULT": "MEDIUM",
  "CONFIDENCE_DEFAULT": 0.9,
  "SOURCE_MAPPINGS": {
    "PRIMARY": ["auth"],
    "SECONDARY": ["vpn", "cloud", "saas"]
  },
  "D3FEND_MAPPINGS": [],
  "SECTIONS": {
    "IDENTIFICATION": [
      "Detect the first successful login for a user or service account from a new IP address, device, or client application.",
      "Correlate new-source logins with device posture, OS type, and user agent to identify risky origins.",
      "Differentiate between expected onboarding (new laptop, new region) and unexplained first-time access."
    ],
    "CONTAINMENT": [
      "Require step-up authentication or re-verification for first-time logins from unrecognized sources.",
      "Temporarily limit high-risk operations from the new source until it can be validated.",
      "Disable or lock the account if the user denies initiating the login."
    ],
    "COUNTERMEASURES": [
      "Implement device registration and trust models to label known good endpoints.",
      "Apply conditional access rules that scrutinize first-time sources more heavily.",
      "Notify users of first-time logins from new locations or devices and provide an easy mechanism to report fraud."
    ],
    "FORENSICS": [
      "Review authentication metadata (IP, ASN, device, auth method) for the first-time login.",
      "Check for subsequent suspicious actions such as mailbox rule creation, token issuance, or access to sensitive data.",
      "Use confirmed benign cases to refine baselines and reduce noise for future detections."
    ]
  }
},
"ANOMALY_SUDDEN_PRIV_ESC": {
  "TITLE": "UEBA — Sudden Privilege Escalation Event",
  "CLASSIFICATION": "OMEGA-BLACK",
  "SEVERITY_DEFAULT": "CRITICAL",
  "CONFIDENCE_DEFAULT": 0.91,
  "SOURCE_MAPPINGS": {
    "PRIMARY": ["iam", "auth"],
    "SECONDARY": ["endpoint", "cloud", "directory_services"]
  },
  "D3FEND_MAPPINGS": [],
  "SECTIONS": {
    "IDENTIFICATION": [
      "Detect accounts that abruptly gain elevated privileges, group memberships, or admin roles outside normal provisioning workflows.",
      "Monitor IAM and directory changes for privilege grants initiated by unusual identities, tools, or locations.",
      "Correlate new privileges with immediate high-risk activity such as mass changes, data exports, or new persistence mechanisms."
    ],
    "CONTAINMENT": [
      "Revoke newly granted privileges pending verification of business justification.",
      "Temporarily disable or lock accounts suspected of unauthorized privilege elevation.",
      "Isolate systems where admin roles were abused for configuration or security changes."
    ],
    "COUNTERMEASURES": [
      "Require approval workflows and just-in-time access for high-privilege roles.",
      "Audit and alert on all changes to critical groups and roles, particularly domain and cloud admin functions.",
      "Limit who can modify IAM policies and group memberships and enforce strong MFA on those identities."
    ],
    "FORENSICS": [
      "Review audit trails to determine who granted the privileges, from where, and using what tools.",
      "Assess all actions performed while elevated and identify impacted systems and data.",
      "Incorporate observed patterns into privilege governance and detection rules for future abuse."
    ]
  }
},
"ANOMALY_FIRST_ADMIN_ACTION": {
  "TITLE": "UEBA — First-Time Administrative Action by Account",
  "CLASSIFICATION": "SIGMA-RED",
  "SEVERITY_DEFAULT": "HIGH",
  "CONFIDENCE_DEFAULT": 0.88,
  "SOURCE_MAPPINGS": {
    "PRIMARY": ["iam", "endpoint"],
    "SECONDARY": ["cloud", "directory_services", "network"]
  },
  "D3FEND_MAPPINGS": [],
  "SECTIONS": {
    "IDENTIFICATION": [
      "Baseline which accounts typically perform administrative functions such as user creation, group edits, policy changes, or system reconfiguration.",
      "Detect when a non-admin or rarely-admin-used account executes an administrative command or API call for the first time.",
      "Correlate first-time administrative actions with unusual login contexts, such as new geolocation or device."
    ],
    "CONTAINMENT": [
      "Promptly review the change and revert unauthorized or suspicious admin actions.",
      "Temporarily restrict administrative capabilities for the account until ownership and intent are confirmed.",
      "Increase alerting on further administrative activity by the same identity."
    ],
    "COUNTERMEASURES": [
      "Separate admin and user identities and require admins to use dedicated accounts for privileged tasks.",
      "Implement role-based admin models with clear ownership and change tracking.",
      "Alert on use of non-privileged or previously non-admin accounts performing new administrative functions."
    ],
    "FORENSICS": [
      "Examine full command history, API logs, or configuration changes executed by the account.",
      "Determine whether actions align with a legitimate change request or an intrusion.",
      "Use outcomes to refine which identities are expected to perform admin work in baselines."
    ]
  }
},
"ANOMALY_PROCESS_NEW_EXECUTION": {
  "TITLE": "UEBA — First-Time Process Execution on Host",
  "CLASSIFICATION": "DELTA-AMBER",
  "SEVERITY_DEFAULT": "MEDIUM",
  "CONFIDENCE_DEFAULT": 0.89,
  "SOURCE_MAPPINGS": {
    "PRIMARY": ["endpoint"],
    "SECONDARY": ["edr", "os", "application_logs"]
  },
  "D3FEND_MAPPINGS": [],
  "SECTIONS": {
    "IDENTIFICATION": [
      "Baseline known-good processes per host or role (e.g., workstation vs server) over time.",
      "Detect first-time execution of binaries or scripts that have never run before on a given host or within the environment.",
      "Prioritize processes originating from user-writable paths, temp directories, or untrusted network shares."
    ],
    "CONTAINMENT": [
      "Quarantine or block the newly executed binary if it is unsigned, untrusted, or associated with suspicious behavior.",
      "Terminate processes that spawn from unexpected locations or that immediately perform high-risk actions.",
      "Increase EDR monitoring and recording level for the host running the new process."
    ],
    "COUNTERMEASURES": [
      "Implement application allowlisting for servers and high-value endpoints.",
      "Restrict execution in common attacker staging locations, such as temp and user profile directories.",
      "Continuously enrich process baselines with known-good software to minimize noise."
    ],
    "FORENSICS": [
      "Collect the binary, command-line arguments, and parent process information for analysis.",
      "Determine delivery vector (download, removable media, remote file share, or installer).",
      "Feed malicious findings into blocklists, detection rules, and threat intel repositories."
    ]
  }
},
"ANOMALY_RARE_COMMAND_USAGE": {
  "TITLE": "UEBA — Rare or High-Risk Command Usage by User",
  "CLASSIFICATION": "SIGMA-RED",
  "SEVERITY_DEFAULT": "HIGH",
  "CONFIDENCE_DEFAULT": 0.87,
  "SOURCE_MAPPINGS": {
    "PRIMARY": ["endpoint"],
    "SECONDARY": ["os", "shell_logs", "siem"]
  },
  "D3FEND_MAPPINGS": [],
  "SECTIONS": {
    "IDENTIFICATION": [
      "Baseline typical command-line usage per user or role, including common tools and parameters.",
      "Detect execution of rare, sensitive, or admin-focused commands (e.g., net user, net use, vssadmin, reg, powershell with encoded command) not previously used by the account.",
      "Correlate rare command usage with other anomalies such as new processes, new resources, or off-hours activity."
    ],
    "CONTAINMENT": [
      "Review and, if necessary, terminate suspicious shells or command interpreters executing high-risk commands.",
      "Temporarily restrict remote access or shell access for the user pending investigation.",
      "Apply additional monitoring and logging for future command usage by the same account."
    ],
    "COUNTERMEASURES": [
      "Define a library of high-risk commands and parameters specific to your environment.",
      "Use just-enough administration and delegated tools instead of raw shell access where possible.",
      "Alert on non-admin users invoking sensitive commands or admin tools outside of known workflows."
    ],
    "FORENSICS": [
      "Inspect full command histories, including arguments and script contents, for the time window surrounding the anomaly.",
      "Determine whether rare commands were part of a legitimate troubleshooting action or malicious recon and tampering.",
      "Incorporate patterns into hunt queries and refine baselines for specific roles."
    ]
  }
},
"ANOMALY_UNUSUAL_IP_ASN": {
  "TITLE": "UEBA — Unusual IP or ASN for Entity",
  "CLASSIFICATION": "SIGMA-RED",
  "SEVERITY_DEFAULT": "HIGH",
  "CONFIDENCE_DEFAULT": 0.88,
  "SOURCE_MAPPINGS": {
    "PRIMARY": ["auth", "vpn"],
    "SECONDARY": ["proxy", "cloud", "network"]
  },
  "D3FEND_MAPPINGS": [],
  "SECTIONS": {
    "IDENTIFICATION": [
      "Baseline typical IP ranges, ISPs, and ASNs associated with each user, region, or office.",
      "Detect authentication or access attempts from IPs or ASNs never before associated with the entity.",
      "Prioritize anomalies originating from hosting providers, anonymization services, or high-risk countries."
    ],
    "CONTAINMENT": [
      "Apply step-up authentication, verification prompts, or temporary blocks for logins from unusual IPs or ASNs.",
      "Restrict access to sensitive resources until the new network origin is confirmed as legitimate.",
      "Add suspicious IPs or ASNs to watchlists or blocklists as appropriate."
    ],
    "COUNTERMEASURES": [
      "Integrate geolocation and ASN intelligence into access policies and alerting.",
      "Limit remote access to known network ranges where feasible.",
      "Use network-based anomaly detection to highlight shifts from residential to hosting-provider IP usage."
    ],
    "FORENSICS": [
      "Review auth logs, device details, and session activity for logins from unusual IPs.",
      "Cross-reference IP/ASN with threat intel sources to identify known malicious infrastructure.",
      "Feed confirmed bad origins into long-term blocking and detection strategies."
    ]
  }
},
"ANOMALY_UNUSUAL_DEVICE_FINGERPRINT": {
  "TITLE": "UEBA — Unrecognized Device or Client Fingerprint",
  "CLASSIFICATION": "DELTA-AMBER",
  "SEVERITY_DEFAULT": "MEDIUM",
  "CONFIDENCE_DEFAULT": 0.87,
  "SOURCE_MAPPINGS": {
    "PRIMARY": ["auth", "saas"],
    "SECONDARY": ["cloud", "mdm", "endpoint"]
  },
  "D3FEND_MAPPINGS": [],
  "SECTIONS": {
    "IDENTIFICATION": [
      "Baseline known device fingerprints, user agents, and platform types per account.",
      "Detect logins from devices or clients that have not been previously associated with the user.",
      "Prioritize fingerprints that differ significantly from the user’s normal OS, browser, or hardware profile."
    ],
    "CONTAINMENT": [
      "Prompt the user to verify the new device and report unknown access attempts.",
      "Restrict high-risk actions from unrecognized devices until trust can be established.",
      "Force re-authentication and require MFA for sessions from new device fingerprints."
    ],
    "COUNTERMEASURES": [
      "Use device registration and compliance checks via MDM or identity providers.",
      "Enforce policies where certain data or admin actions are only allowed from managed devices.",
      "Alert on unmanaged or non-compliant devices accessing sensitive applications."
    ],
    "FORENSICS": [
      "Review all activity associated with the new device fingerprint during the initial and subsequent sessions.",
      "Correlate with IP, geolocation, and time anomalies to assess compromise likelihood.",
      "Use findings to adjust acceptable device baselines and refine detection thresholds."
    ]
  }
},
"ANOMALY_SLOW_EXFIL_PATTERN": {
  "TITLE": "UEBA — Slow and Steady Data Exfiltration Pattern",
  "CLASSIFICATION": "OMEGA-BLACK",
  "SEVERITY_DEFAULT": "CRITICAL",
  "CONFIDENCE_DEFAULT": 0.9,
  "SOURCE_MAPPINGS": {
    "PRIMARY": ["network", "proxy"],
    "SECONDARY": ["cloud", "storage", "endpoint"]
  },
  "D3FEND_MAPPINGS": [],
  "SECTIONS": {
    "IDENTIFICATION": [
      "Detect recurring small outbound transfers over an extended time window that cumulatively exceed normal baselines.",
      "Identify low-and-slow upload patterns to external destinations such as personal cloud services, unknown domains, or unusual ports.",
      "Correlate with access patterns to sensitive files or databases prior to the outbound traffic."
    ],
    "CONTAINMENT": [
      "Throttle or block further outbound transfers from the suspicious account, host, or application.",
      "Temporarily suspend access to sensitive datasets for the entity involved in the pattern.",
      "Isolate systems suspected of running automated exfil tools or scripts."
    ],
    "COUNTERMEASURES": [
      "Implement DLP with thresholds that consider cumulative volume over longer time windows, not just single events.",
      "Monitor for repeated access and export of the same datasets by the same entity.",
      "Limit use of unsanctioned cloud storage and enforce corporate-approved channels for data movement."
    ],
    "FORENSICS": [
      "Analyze detailed traffic logs to determine the type and sensitivity of data likely exfiltrated.",
      "Identify the protocols, destinations, and timing strategy used by the attacker.",
      "Feed exfiltration tactics and destinations into improved monitoring, blocking, and user awareness content."
    ]
  }
},
"ANOMALY_LATERAL_MOVEMENT_CHAIN": {
  "TITLE": "UEBA — Lateral Movement Behavior Chain",
  "CLASSIFICATION": "OMEGA-BLACK",
  "SEVERITY_DEFAULT": "CRITICAL",
  "CONFIDENCE_DEFAULT": 0.9,
  "SOURCE_MAPPINGS": {
    "PRIMARY": ["auth", "endpoint"],
    "SECONDARY": ["network", "directory_services"]
  },
  "D3FEND_MAPPINGS": [],
  "SECTIONS": {
    "IDENTIFICATION": [
      "Detect sequences where a single identity or host authenticates to multiple new systems within a short time window.",
      "Correlate remote access methods (e.g., RDP, SMB, WinRM, SSH) with process creation and service installation on target hosts.",
      "Identify chained logons where credentials or tokens appear to be reused across several machines."
    ],
    "CONTAINMENT": [
      "Temporarily block further remote logons from the suspected pivot host or account.",
      "Isolate affected hosts that participated in the lateral movement chain for deeper investigation.",
      "Revoke tokens and reset credentials used during the movement sequence, prioritizing privileged accounts."
    ],
    "COUNTERMEASURES": [
      "Limit lateral movement by segmenting networks and restricting remote admin protocols.",
      "Use just-in-time and just-enough administration to minimize standing privileges.",
      "Deploy detections for abnormal east-west authentication patterns and remote execution tools."
    ],
    "FORENSICS": [
      "Reconstruct the full movement path: origin system, hop hosts, and final targets.",
      "Determine which accounts and credentials were leveraged and what access was achieved.",
      "Feed insights into hardening of pivot points and prioritized protection of key assets."
    ]
  }
},
"ANOMALY_BRUTE_FORCE_RAMPING": {
  "TITLE": "UEBA — Low-and-Slow Brute Force Pattern",
  "CLASSIFICATION": "SIGMA-RED",
  "SEVERITY_DEFAULT": "HIGH",
  "CONFIDENCE_DEFAULT": 0.89,
  "SOURCE_MAPPINGS": {
    "PRIMARY": ["auth"],
    "SECONDARY": ["vpn", "web", "cloud"]
  },
  "D3FEND_MAPPINGS": [],
  "SECTIONS": {
    "IDENTIFICATION": [
      "Detect repeated failed login attempts spread over time from the same IP, ASN, or identity, below traditional lockout thresholds.",
      "Identify patterns where attackers test small numbers of credentials across many accounts or services.",
      "Correlate low-and-slow failures with eventual successful logons from the same origin or tool."
    ],
    "CONTAINMENT": [
      "Temporarily block or throttle authentication attempts from the suspicious origin IP or ASN.",
      "Increase MFA and step-up checks for accounts targeted in the slow brute force campaign.",
      "Consider adding targeted rate-limiting rules for the affected services or endpoints."
    ],
    "COUNTERMEASURES": [
      "Implement adaptive lockout policies that consider distributed and time-diffused attempts.",
      "Enforce MFA on all externally exposed services and admin interfaces.",
      "Monitor for credential stuffing and password spraying patterns using identity telemetry and threat intel."
    ],
    "FORENSICS": [
      "Review authentication logs for targeted usernames, attempt frequency, and origin infrastructure.",
      "Determine whether any accounts were compromised as a result of the pattern.",
      "Feed actor patterns and infrastructure indicators into long-term detection and blocking strategies."
    ]
  }
},
"ANOMALY_PRIV_ESC_SEQUENCE": {
  "TITLE": "UEBA — Privilege Escalation Behavior Sequence",
  "CLASSIFICATION": "OMEGA-BLACK",
  "SEVERITY_DEFAULT": "CRITICAL",
  "CONFIDENCE_DEFAULT": 0.91,
  "SOURCE_MAPPINGS": {
    "PRIMARY": ["endpoint"],
    "SECONDARY": ["iam", "auth", "directory_services"]
  },
  "D3FEND_MAPPINGS": [],
  "SECTIONS": {
    "IDENTIFICATION": [
      "Detect multi-step sequences combining initial access, credential access or token abuse, followed by privilege changes or admin tool usage.",
      "Correlate events such as account logon, token manipulation, group membership modifications, and security control tampering within a compressed time window.",
      "Highlight sequences executed by accounts that do not typically perform administrative or security-related tasks."
    ],
    "CONTAINMENT": [
      "Revoke elevated rights and reset credentials for identities involved in the escalation sequence.",
      "Isolate systems where tools for privilege escalation, credential dumping, or token abuse were observed.",
      "Roll back unauthorized configuration changes or group membership modifications performed during the sequence."
    ],
    "COUNTERMEASURES": [
      "Instrument detections that treat privilege escalation as a chain of events rather than single isolated signals.",
      "Apply least privilege, just-in-time access, and strong change-control around privilege-granting operations.",
      "Continuously audit admin groups and roles and alert on unscheduled or anomalous changes."
    ],
    "FORENSICS": [
      "Reconstruct the full escalation chain from initial foothold to final privilege level.",
      "Identify which vulnerabilities, misconfigurations, or weak controls were abused along the path.",
      "Feed insights into prioritized remediation, improved hardening, and future detection content."
    ]
  }
}
}
