{
  "MAPPINGS": {
    "ANOMALY_GEO_IMPOSSIBLE": {
      "NIST_FUNCTION": "DETECT",
      "NIST_CSF_CATEGORIES": ["DE.AE", "DE.CM", "PR.AA"],
      "CONFIDENCE": 0.9
    },
    "ANOMALY_DATA_VOLUME_SPIKE": {
      "NIST_FUNCTION": "DETECT",
      "NIST_CSF_CATEGORIES": ["DE.AE", "DE.CM", "PR.DS"],
      "CONFIDENCE": 0.92
    },
    "ANOMALY_NEW_RESOURCE_ACCESS": {
      "NIST_FUNCTION": "DETECT",
      "NIST_CSF_CATEGORIES": ["DE.AE", "DE.CM", "PR.AA"],
      "CONFIDENCE": 0.88
    },
    "ANOMALY_TEMPORAL_DEVIATION": {
      "NIST_FUNCTION": "DETECT",
      "NIST_CSF_CATEGORIES": ["DE.AE", "DE.CM"],
      "CONFIDENCE": 0.87
    },
    "ANOMALY_FIRST_TIME_SUCCESSFUL_LOGIN": {
      "NIST_FUNCTION": "DETECT",
      "NIST_CSF_CATEGORIES": ["DE.AE", "DE.CM", "PR.AA"],
      "CONFIDENCE": 0.89
    },
    "ANOMALY_SUDDEN_PRIV_ESC": {
      "NIST_FUNCTION": "DETECT",
      "NIST_CSF_CATEGORIES": ["DE.AE", "DE.CM", "PR.AA", "PR.PS"],
      "CONFIDENCE": 0.9
    },
    "ANOMALY_FIRST_ADMIN_ACTION": {
      "NIST_FUNCTION": "DETECT",
      "NIST_CSF_CATEGORIES": ["DE.AE", "PR.AA"],
      "CONFIDENCE": 0.88
    },
    "ANOMALY_PROCESS_NEW_EXECUTION": {
      "NIST_FUNCTION": "DETECT",
      "NIST_CSF_CATEGORIES": ["DE.CM", "PR.PS"],
      "CONFIDENCE": 0.89
    },
    "ANOMALY_RARE_COMMAND_USAGE": {
      "NIST_FUNCTION": "DETECT",
      "NIST_CSF_CATEGORIES": ["DE.AE", "DE.CM"],
      "CONFIDENCE": 0.87
    },
    "ANOMALY_UNUSUAL_IP_ASN": {
      "NIST_FUNCTION": "DETECT",
      "NIST_CSF_CATEGORIES": ["DE.AE", "DE.CM"],
      "CONFIDENCE": 0.86
    },
    "ANOMALY_UNUSUAL_DEVICE_FINGERPRINT": {
      "NIST_FUNCTION": "DETECT",
      "NIST_CSF_CATEGORIES": ["DE.AE", "PR.AA"],
      "CONFIDENCE": 0.86
    },
    "ANOMALY_SLOW_EXFIL_PATTERN": {
      "NIST_FUNCTION": "DETECT",
      "NIST_CSF_CATEGORIES": ["DE.AE", "DE.CM", "PR.DS"],
      "CONFIDENCE": 0.91
    },
    "ANOMALY_LATERAL_MOVEMENT_CHAIN": {
      "NIST_FUNCTION": "DETECT",
      "NIST_CSF_CATEGORIES": ["DE.AE", "DE.CM"],
      "CONFIDENCE": 0.9
    },
    "ANOMALY_BRUTE_FORCE_RAMPING": {
      "NIST_FUNCTION": "DETECT",
      "NIST_CSF_CATEGORIES": ["DE.AE", "DE.CM", "PR.AA"],
      "CONFIDENCE": 0.92
    },
    "ANOMALY_PRIV_ESC_SEQUENCE": {
      "NIST_FUNCTION": "DETECT",
      "NIST_CSF_CATEGORIES": ["DE.AE", "DE.CM", "PR.AA", "PR.PS"],
      "CONFIDENCE": 0.91
    },
    "IOC_KNOWN_BAD_IP": {
      "NIST_FUNCTION": "DETECT",
      "NIST_CSF_CATEGORIES": ["DE.CM", "DE.AE"],
      "CONFIDENCE": 0.95
    },
    "IOC_KNOWN_BAD_DOMAIN": {
      "NIST_FUNCTION": "DETECT",
      "NIST_CSF_CATEGORIES": ["DE.CM", "DE.AE"],
      "CONFIDENCE": 0.93
    },
    "IOC_MALICIOUS_URL": {
      "NIST_FUNCTION": "DETECT",
      "NIST_CSF_CATEGORIES": ["DE.AE", "DE.CM", "PR.AT"],
      "CONFIDENCE": 0.94
    },
    "IOC_MALWARE_HASH_MATCH": {
      "NIST_FUNCTION": "DETECT",
      "NIST_CSF_CATEGORIES": ["DE.CM", "PR.PS"],
      "CONFIDENCE": 0.96
    },
    "IOC_C2_COMMUNICATION_MATCH": {
      "NIST_FUNCTION": "DETECT",
      "NIST_CSF_CATEGORIES": ["DE.AE", "DE.CM"],
      "CONFIDENCE": 0.95
    },
    "IOC_KEV_EXPLOIT_ACTIVITY": {
      "NIST_FUNCTION": "DETECT",
      "NIST_CSF_CATEGORIES": ["DE.CM", "DE.AE", "ID.RA"],
      "CONFIDENCE": 0.94
    },
    "IOC_PHISHING_URL_MATCH": {
      "NIST_FUNCTION": "DETECT",
      "NIST_CSF_CATEGORIES": ["DE.AE", "DE.CM", "PR.AT"],
      "CONFIDENCE": 0.93
    },
    "IOC_MALWARE_DROP_SITE": {
      "NIST_FUNCTION": "DETECT",
      "NIST_CSF_CATEGORIES": ["DE.AE", "DE.CM", "PR.DS"],
      "CONFIDENCE": 0.93
    },
    "IOC_BOTNET_C2_MATCH": {
      "NIST_FUNCTION": "DETECT",
      "NIST_CSF_CATEGORIES": ["DE.AE", "DE.CM"],
      "CONFIDENCE": 0.95
    },
    "IOC_SUSPICIOUS_ASN_MATCH": {
      "NIST_FUNCTION": "DETECT",
      "NIST_CSF_CATEGORIES": ["DE.AE", "DE.CM"],
      "CONFIDENCE": 0.9
    },
    "IOC_TOR_SUSPICIOUS_COMMUNICATION": {
      "NIST_FUNCTION": "DETECT",
      "NIST_CSF_CATEGORIES": ["DE.AE", "DE.CM"],
      "CONFIDENCE": 0.91
    },
    "IOC_RANSOMWARE_NOTE_IOC": {
      "NIST_FUNCTION": "DETECT",
      "NIST_CSF_CATEGORIES": ["DE.AE", "DE.CM", "PR.DS"],
      "CONFIDENCE": 0.96
    },
    "IOC_KNOWN_PHISHING_SENDER": {
      "NIST_FUNCTION": "DETECT",
      "NIST_CSF_CATEGORIES": ["DE.AE", "DE.CM", "PR.AT"],
      "CONFIDENCE": 0.92
    },
    "IOC_MALICIOUS_TLS_FINGERPRINT": {
      "NIST_FUNCTION": "DETECT",
      "NIST_CSF_CATEGORIES": ["DE.AE", "DE.CM"],
      "CONFIDENCE": 0.91
    }
  }
}
