event_id,timestamp,user,cloud_service,event,notes,log_text
1,2025-05-26T13:55:19Z,admin,AWS,access_key_created,"New AWS access key created unexpectedly","Admin created new access key outside maintenance window."
2,2025-05-26T13:55:29Z,admin,AWS,key_used,"Access key used from foreign region","Key used from region never used before (Singapore)."
3,2025-05-26T13:55:47Z,admin,AWS,s3_list,"S3 buckets enumerated","Attacker enumerated all S3 buckets using stolen access key."
4,2025-05-26T13:56:22Z,admin,AWS,s3_download,"Bulk download attempt","Large data transfer from s3://corp-data-sensitive initiated."
