timestamp,source,hostname,user,process,network_dst,bytes,event_type,notes
2025-06-08T11:00:15Z,auth,,"jdoe",,,"",LOGIN,"Suspicious login from foreign IP"
2025-06-08T11:01:44Z,endpoint,WS-08,jdoe,powershell.exe,,,"process_start","PS started after foreign login"
2025-06-08T11:02:50Z,endpoint,WS-08,jdoe,,C:\Users\jdoe\AppData\Roaming\drop.dll,,"file_drop","Dropper placed"
2025-06-08T11:03:22Z,network,,192.168.1.30,185.44.77.200,3000,150,"c2_beacon","Outbound beacon"
2025-06-08T11:04:40Z,exfil,WS-08,jdoe,,185.44.77.200,2200000,"exfil","Sensitive files exfiltrated"
